GeneName	Biosystems	CGDB	GWAS	GO	McMahon	Confidence
AADAT	NaN	NaN	True	NaN	NaN	Low
AANAT	True	NaN	NaN	True	True	High
AASDH	NaN	True	NaN	NaN	NaN	Low
AATK	NaN	True	NaN	NaN	NaN	Low
ABCA1	NaN	True	NaN	NaN	NaN	Low
ABCA4	NaN	True	NaN	NaN	NaN	Low
ABCB1	NaN	True	NaN	NaN	NaN	Low
ABCD1	NaN	True	NaN	NaN	NaN	Low
ABCD2	NaN	True	NaN	NaN	NaN	Low
ABCG1	NaN	True	NaN	NaN	NaN	Low
ABHD1	NaN	True	NaN	NaN	NaN	Low
ABHD3	NaN	True	NaN	NaN	NaN	Low
ABHD4	NaN	True	NaN	NaN	NaN	Low
ABHD5	NaN	True	NaN	NaN	NaN	Low
ABLIM1	NaN	True	NaN	NaN	NaN	Low
ABLIM2	NaN	True	NaN	NaN	NaN	Low
ABTB1	NaN	True	NaN	NaN	NaN	Low
ACADSB	NaN	True	NaN	NaN	NaN	Low
ACOX1	NaN	True	NaN	NaN	NaN	Low
ACSL1	NaN	True	NaN	NaN	NaN	Low
ACSL6	NaN	True	NaN	NaN	NaN	Low
ACTBP13	NaN	NaN	True	NaN	NaN	Low
ACTG1P22	NaN	NaN	True	NaN	NaN	Low
ACVR1C	NaN	True	NaN	NaN	NaN	Low
ACYP1	NaN	True	NaN	NaN	NaN	Low
ACYP2	NaN	NaN	True	NaN	NaN	Low
ADA	True	NaN	NaN	True	NaN	Medium
ADAL	NaN	True	NaN	NaN	NaN	Low
ADAM10	NaN	NaN	True	NaN	NaN	Low
ADAM17	NaN	True	NaN	NaN	NaN	Low
ADAM33	NaN	True	NaN	NaN	NaN	Low
ADAMTS14	NaN	NaN	True	NaN	NaN	Low
ADAMTSL4	NaN	True	NaN	NaN	NaN	Low
ADAP1	NaN	True	NaN	NaN	NaN	Low
ADAT2	NaN	NaN	True	NaN	NaN	Low
ADCK1	NaN	NaN	True	NaN	NaN	Low
ADCY1	True	NaN	NaN	True	NaN	Medium
ADCY3	NaN	NaN	True	NaN	NaN	Low
ADCY4	NaN	True	NaN	NaN	NaN	Low
ADCY5	NaN	NaN	True	NaN	NaN	Low
ADGRL3	NaN	NaN	True	NaN	NaN	Low
ADH5P2	NaN	NaN	True	NaN	NaN	Low
ADIPOQ	True	True	NaN	True	NaN	High
ADIPOR1	NaN	True	NaN	NaN	NaN	Low
ADIPOR2	NaN	True	NaN	NaN	NaN	Low
ADM	NaN	True	NaN	NaN	NaN	Low
ADORA1	True	NaN	NaN	True	NaN	Medium
ADORA2A	True	NaN	NaN	True	NaN	Medium
ADRA1A	NaN	NaN	NaN	NaN	True	High
ADRA1B	NaN	NaN	NaN	NaN	True	High
ADRB1	NaN	NaN	NaN	True	NaN	Low
AEN	NaN	NaN	True	NaN	NaN	Low
AGBL2	NaN	True	NaN	NaN	NaN	Low
AGK	NaN	True	NaN	NaN	NaN	Low
AGMAT	NaN	True	NaN	NaN	NaN	Low
AGPAT5	NaN	True	NaN	NaN	NaN	Low
AGRP	True	NaN	NaN	True	NaN	Medium
AGTRAP	NaN	True	NaN	NaN	NaN	Low
AHCY	True	NaN	NaN	True	NaN	Medium
AHR	True	NaN	NaN	True	NaN	Medium
AHSA2P	NaN	NaN	True	NaN	NaN	Low
AJAP1	NaN	NaN	True	NaN	NaN	Low
AK3	NaN	True	NaN	NaN	NaN	Low
AK5	NaN	True	True	NaN	NaN	Medium
AK6P1	NaN	NaN	True	NaN	NaN	Low
AK6P2	NaN	NaN	True	NaN	NaN	Low
AKAIN1	NaN	NaN	True	NaN	NaN	Low
AKAP1	NaN	True	NaN	NaN	NaN	Low
AKAP9	NaN	NaN	True	NaN	NaN	Low
ALCAM	NaN	NaN	True	NaN	NaN	Low
ALG10B	NaN	NaN	True	NaN	NaN	Low
ALKBH2	NaN	True	NaN	NaN	NaN	Low
ALKBH3	NaN	NaN	True	NaN	NaN	Low
ALKBH4	NaN	NaN	True	NaN	NaN	Low
ALOX5AP	NaN	True	NaN	NaN	NaN	Low
ALPL	NaN	True	NaN	NaN	NaN	Low
AMELX	NaN	True	NaN	NaN	NaN	Low
AMIGO2	NaN	True	NaN	NaN	NaN	Low
AMIGO3	NaN	True	NaN	NaN	NaN	Low
ANAPC1	NaN	True	NaN	NaN	NaN	Low
ANAPC4	NaN	True	NaN	NaN	NaN	Low
ANGEL2	NaN	True	NaN	NaN	NaN	Low
ANGPT2	NaN	True	NaN	NaN	NaN	Low
ANK1	NaN	NaN	True	NaN	NaN	Low
ANK2	NaN	NaN	True	NaN	NaN	Low
ANK2-AS1	NaN	NaN	True	NaN	NaN	Low
ANK3	NaN	True	True	NaN	NaN	Medium
ANKAR	NaN	True	NaN	NaN	NaN	Low
ANKFN1	NaN	NaN	True	NaN	NaN	Low
ANKIB1	NaN	NaN	True	NaN	NaN	Low
ANKRD13D	NaN	True	NaN	NaN	NaN	Low
ANKRD18A	NaN	True	NaN	NaN	NaN	Low
ANKRD20A2	NaN	True	NaN	NaN	NaN	Low
ANKRD26	NaN	True	NaN	NaN	NaN	Low
ANKRD36	NaN	True	NaN	NaN	NaN	Low
ANKRD36B	NaN	True	NaN	NaN	NaN	Low
ANKS6	NaN	True	NaN	NaN	NaN	Low
ANP32E	NaN	NaN	True	NaN	NaN	Low
ANXA9	NaN	NaN	True	NaN	NaN	Low
AOAH	NaN	True	NaN	NaN	NaN	Low
AOC2	NaN	True	NaN	NaN	NaN	Low
AP1G1	NaN	True	NaN	NaN	NaN	Low
AP1M2	NaN	True	NaN	NaN	NaN	Low
APAF1	NaN	True	NaN	NaN	NaN	Low
APCDD1	NaN	True	NaN	NaN	NaN	Low
APH1B	NaN	True	NaN	NaN	NaN	Low
APOBEC3AP1	NaN	NaN	True	NaN	NaN	Low
APOBEC3B	NaN	True	NaN	NaN	NaN	Low
APOL1	NaN	True	NaN	NaN	NaN	Low
APOL2	NaN	True	NaN	NaN	NaN	Low
APPL1	NaN	True	NaN	NaN	NaN	Low
AQP3	NaN	True	NaN	NaN	NaN	Low
AQP5	NaN	True	NaN	NaN	NaN	Low
AQP9	NaN	True	NaN	NaN	NaN	Low
ARAP2	NaN	True	NaN	NaN	NaN	Low
ARG1	NaN	True	NaN	NaN	NaN	Low
ARHGAP1	NaN	NaN	True	NaN	NaN	Low
ARHGAP15	NaN	NaN	True	NaN	NaN	Low
ARHGAP24	NaN	NaN	True	NaN	NaN	Low
ARHGAP26	NaN	True	NaN	NaN	NaN	Low
ARHGAP30	NaN	NaN	True	NaN	NaN	Low
ARHGAP9	NaN	True	NaN	NaN	NaN	Low
ARHGEF4	NaN	True	NaN	NaN	NaN	Low
ARHGEF40	NaN	True	NaN	NaN	NaN	Low
ARID2	NaN	NaN	True	NaN	NaN	Low
ARID3A	NaN	True	NaN	NaN	NaN	Low
ARID5B	NaN	True	NaN	NaN	NaN	Low
ARIH2	NaN	NaN	True	NaN	NaN	Low
ARL11	NaN	True	NaN	NaN	NaN	Low
ARMC1	NaN	True	NaN	NaN	NaN	Low
ARMCX2	NaN	True	NaN	NaN	NaN	Low
ARNT	True	NaN	NaN	NaN	NaN	Low
ARNT2	True	NaN	NaN	NaN	NaN	Low
ARNTL	True	True	True	True	True	High
ARNTL2	True	NaN	NaN	True	NaN	Medium
ARRB1	NaN	True	NaN	NaN	NaN	Low
ARRDC1	NaN	True	True	NaN	NaN	Medium
ARSA	NaN	True	NaN	NaN	NaN	Low
ARSB	NaN	True	NaN	NaN	NaN	Low
ARSJ	NaN	True	NaN	NaN	NaN	Low
ARV1	NaN	True	NaN	NaN	NaN	Low
ASAH1	NaN	True	NaN	NaN	NaN	Low
ASB1	NaN	NaN	True	NaN	NaN	Low
ASB13	NaN	True	NaN	NaN	NaN	Low
ASB3	NaN	NaN	True	NaN	NaN	Low
ASB7	NaN	NaN	True	NaN	NaN	Low
ASCC3	NaN	True	NaN	NaN	NaN	Low
ASCL1	NaN	NaN	NaN	NaN	True	High
ASH1L	NaN	True	NaN	NaN	NaN	Low
ASIC2	NaN	NaN	True	NaN	NaN	Low
ASL	NaN	True	NaN	NaN	NaN	Low
ASMT	NaN	NaN	NaN	NaN	True	High
ASNS	NaN	True	NaN	NaN	NaN	Low
ASPRV1	NaN	True	NaN	NaN	NaN	Low
ASS1	NaN	NaN	NaN	True	NaN	Low
ASS1P9	NaN	NaN	True	NaN	NaN	Low
ATAD2B	NaN	NaN	True	NaN	NaN	Low
ATE1	NaN	NaN	True	NaN	NaN	Low
ATF3	NaN	True	NaN	NaN	NaN	Low
ATF4	True	NaN	NaN	True	NaN	Medium
ATF5	True	NaN	NaN	True	NaN	Medium
ATF7IP2	NaN	True	NaN	NaN	NaN	Low
ATG2A	NaN	True	NaN	NaN	NaN	Low
ATG4AP1	NaN	NaN	True	NaN	NaN	Low
ATG7	NaN	NaN	NaN	True	NaN	Low
ATIC	NaN	True	NaN	NaN	NaN	Low
ATOH7	True	NaN	NaN	True	NaN	Medium
ATP10D	NaN	True	NaN	NaN	NaN	Low
ATP1B1	NaN	True	NaN	NaN	NaN	Low
ATP5I	NaN	True	NaN	NaN	NaN	Low
ATP6V0B	NaN	True	NaN	NaN	NaN	Low
ATP8B2	NaN	True	NaN	NaN	NaN	Low
ATP9B	NaN	True	NaN	NaN	NaN	Low
ATR	NaN	True	NaN	NaN	NaN	Low
ATXN7L2	NaN	NaN	True	NaN	NaN	Low
AUTS2	NaN	NaN	True	NaN	NaN	Low
AVIL	NaN	True	NaN	NaN	NaN	Low
AVP	True	NaN	NaN	NaN	NaN	Low
AVPR1A	NaN	NaN	True	NaN	NaN	Low
AXDND1	NaN	NaN	True	NaN	NaN	Low
AXIN1	NaN	True	NaN	NaN	NaN	Low
B3GNT8	NaN	True	NaN	NaN	NaN	Low
B4GALT5	NaN	True	NaN	NaN	NaN	Low
BACH2	NaN	True	NaN	NaN	NaN	Low
BAG3	NaN	True	NaN	NaN	NaN	Low
BAIAP3	NaN	True	NaN	NaN	NaN	Low
BANK1	NaN	True	True	NaN	NaN	Medium
BASP1	NaN	True	NaN	NaN	NaN	Low
BATF2	NaN	True	NaN	NaN	NaN	Low
BBS2	NaN	True	NaN	NaN	NaN	Low
BCAP29	NaN	NaN	True	NaN	NaN	Low
BCL11A	NaN	True	NaN	NaN	NaN	Low
BCL11B	NaN	True	NaN	NaN	NaN	Low
BCL2	NaN	True	NaN	NaN	NaN	Low
BCL2A1	NaN	True	NaN	NaN	NaN	Low
BCL3	NaN	True	NaN	NaN	NaN	Low
BCL6B	NaN	True	NaN	NaN	NaN	Low
BCL7B	NaN	True	NaN	NaN	NaN	Low
BDH2P1	NaN	NaN	True	NaN	NaN	Low
BDNF-AS	NaN	NaN	True	NaN	NaN	Low
BDP1	NaN	True	NaN	NaN	NaN	Low
BEGAIN	NaN	NaN	True	NaN	NaN	Low
BEND5	NaN	True	NaN	NaN	NaN	Low
BEND7	NaN	True	NaN	NaN	NaN	Low
BEX2	NaN	True	NaN	NaN	NaN	Low
BHLHE40	True	NaN	NaN	True	NaN	Medium
BHLHE41	True	True	NaN	True	NaN	High
BICC1	NaN	NaN	True	NaN	NaN	Low
BIN3	NaN	True	NaN	NaN	NaN	Low
BIRC3	NaN	True	NaN	NaN	NaN	Low
BIRC6	NaN	NaN	True	NaN	NaN	Low
BIRC7	NaN	True	NaN	NaN	NaN	Low
BLK	NaN	NaN	True	NaN	NaN	Low
BMI1P1	NaN	NaN	True	NaN	NaN	Low
BMS1	NaN	True	NaN	NaN	NaN	Low
BMX	NaN	True	NaN	NaN	NaN	Low
BOLL	NaN	NaN	True	NaN	NaN	Low
BPI	NaN	True	NaN	NaN	NaN	Low
BRCC3	NaN	True	NaN	NaN	NaN	Low
BRINP3	NaN	NaN	True	NaN	NaN	Low
BRIX1	NaN	True	NaN	NaN	NaN	Low
BRSK2	NaN	NaN	True	NaN	NaN	Low
BRWD1	NaN	True	NaN	NaN	NaN	Low
BSG	NaN	True	NaN	NaN	NaN	Low
BSN	NaN	NaN	True	NaN	NaN	Low
BTBD9	True	NaN	True	True	NaN	High
BTNL8	NaN	True	NaN	NaN	NaN	Low
BTRC	True	NaN	True	True	NaN	High
BUD13	NaN	NaN	True	NaN	NaN	Low
BZW2	NaN	True	NaN	NaN	NaN	Low
C10orf11	NaN	True	NaN	NaN	NaN	Low
C10orf35	NaN	True	NaN	NaN	NaN	Low
C10orf54	NaN	True	NaN	NaN	NaN	Low
C12orf42	NaN	True	NaN	NaN	NaN	Low
C12orf65	NaN	True	NaN	NaN	NaN	Low
C12orf66	NaN	True	NaN	NaN	NaN	Low
C14orf132	NaN	True	NaN	NaN	NaN	Low
C14orf39	NaN	NaN	True	NaN	NaN	Low
C16orf78	NaN	NaN	True	NaN	NaN	Low
C16orf97	NaN	NaN	True	NaN	NaN	Low
C17orf89	NaN	True	NaN	NaN	NaN	Low
C1QA	NaN	True	NaN	NaN	NaN	Low
C1QC	NaN	True	NaN	NaN	NaN	Low
C1QL1	NaN	NaN	True	NaN	NaN	Low
C1QTNF4	NaN	NaN	True	NaN	NaN	Low
C1RL	NaN	True	NaN	NaN	NaN	Low
C1orf228	NaN	True	NaN	NaN	NaN	Low
C1orf54	NaN	True	True	NaN	NaN	Medium
C1orf94	NaN	NaN	True	NaN	NaN	Low
C20orf27	NaN	True	NaN	NaN	NaN	Low
C2orf40	NaN	True	NaN	NaN	NaN	Low
C2orf74	NaN	True	NaN	NaN	NaN	Low
C3orf18	NaN	True	True	NaN	NaN	Medium
C3orf62	NaN	True	NaN	NaN	NaN	Low
C4BPA	NaN	True	NaN	NaN	NaN	Low
C5AR1	NaN	True	NaN	NaN	NaN	Low
C6orf25	NaN	True	NaN	NaN	NaN	Low
C7orf34	NaN	True	NaN	NaN	NaN	Low
C8orf59	NaN	True	NaN	NaN	NaN	Low
C8orf7	NaN	True	NaN	NaN	NaN	Low
C9orf147	NaN	NaN	True	NaN	NaN	Low
CA10	NaN	NaN	True	NaN	NaN	Low
CA14	NaN	NaN	True	NaN	NaN	Low
CA4	NaN	True	NaN	NaN	NaN	Low
CA5A	NaN	True	NaN	NaN	NaN	Low
CA6	NaN	True	NaN	NaN	NaN	Low
CABYR	NaN	True	NaN	NaN	NaN	Low
CABYRP1	NaN	NaN	True	NaN	NaN	Low
CACNA1C	NaN	True	NaN	NaN	NaN	Low
CACNA1I	NaN	True	NaN	NaN	NaN	Low
CACNA2D2	NaN	NaN	True	NaN	NaN	Low
CACNA2D3	NaN	NaN	True	NaN	NaN	Low
CACNB2	NaN	True	NaN	NaN	NaN	Low
CADM1	NaN	NaN	True	NaN	NaN	Low
CADM2	NaN	NaN	True	NaN	NaN	Low
CALCOCO2	NaN	True	True	NaN	NaN	Medium
CALN1	NaN	NaN	True	NaN	NaN	Low
CAMK2D	NaN	NaN	True	NaN	NaN	Low
CAMK2N1	NaN	True	NaN	NaN	NaN	Low
CAMK4	NaN	True	NaN	NaN	NaN	Low
CAMKK1	NaN	True	NaN	NaN	NaN	Low
CAMKMT	NaN	NaN	True	NaN	NaN	Low
CAMKV	NaN	NaN	True	NaN	NaN	Low
CAMTA1	NaN	NaN	True	NaN	NaN	Low
CAND2	NaN	True	NaN	NaN	NaN	Low
CANT1	NaN	True	NaN	NaN	NaN	Low
CAPRIN1	NaN	True	NaN	NaN	NaN	Low
CAPZA1	NaN	NaN	True	NaN	NaN	Low
CARD8	NaN	True	NaN	NaN	NaN	Low
CARTPT	True	NaN	NaN	True	NaN	Medium
CASC16	NaN	NaN	True	NaN	NaN	Low
CASC18	NaN	NaN	True	NaN	NaN	Low
CASK	NaN	True	NaN	NaN	NaN	Low
CASP8	NaN	True	NaN	NaN	NaN	Low
CATSPER2	NaN	True	NaN	NaN	NaN	Low
CAV3	NaN	NaN	True	NaN	NaN	Low
CAVIN3	True	NaN	NaN	True	NaN	Medium
CBL	NaN	True	NaN	NaN	NaN	Low
CBS	NaN	True	NaN	NaN	NaN	Low
CBX1	NaN	NaN	True	NaN	NaN	Low
CCAR2	True	NaN	NaN	True	NaN	Medium
CCDC12	NaN	NaN	True	NaN	NaN	Low
CCDC153	NaN	True	NaN	NaN	NaN	Low
CCDC17	NaN	True	NaN	NaN	NaN	Low
CCDC61	NaN	NaN	True	NaN	NaN	Low
CCDC81	NaN	NaN	True	NaN	NaN	Low
CCDC85B	NaN	True	NaN	NaN	NaN	Low
CCDC85C	NaN	True	NaN	NaN	NaN	Low
CCDC87	NaN	NaN	True	NaN	NaN	Low
CCDC88A	NaN	True	NaN	NaN	NaN	Low
CCDC88B	NaN	True	NaN	NaN	NaN	Low
CCDC90B	NaN	NaN	True	NaN	NaN	Low
CCDC91	NaN	True	NaN	NaN	NaN	Low
CCHCR1	NaN	NaN	True	NaN	NaN	Low
CCL23	NaN	True	NaN	NaN	NaN	Low
CCNG2	NaN	True	NaN	NaN	NaN	Low
CCNH	NaN	NaN	True	NaN	NaN	Low
CCNJL	NaN	True	NaN	NaN	NaN	Low
CCR7	NaN	True	NaN	NaN	NaN	Low
CCR9	NaN	True	NaN	NaN	NaN	Low
CCT6B	NaN	NaN	True	NaN	NaN	Low
CD177	NaN	True	NaN	NaN	NaN	Low
CD200	NaN	True	NaN	NaN	NaN	Low
CD22	NaN	True	NaN	NaN	NaN	Low
CD248	NaN	True	NaN	NaN	NaN	Low
CD28	NaN	True	NaN	NaN	NaN	Low
CD300C	NaN	True	NaN	NaN	NaN	Low
CD300LF	NaN	True	NaN	NaN	NaN	Low
CD38	NaN	True	NaN	NaN	NaN	Low
CD3E	NaN	True	NaN	NaN	NaN	Low
CD3G	NaN	True	NaN	NaN	NaN	Low
CD46	NaN	True	NaN	NaN	NaN	Low
CD5	NaN	True	NaN	NaN	NaN	Low
CD59	NaN	NaN	True	NaN	NaN	Low
CD83	NaN	True	NaN	NaN	NaN	Low
CD8B	NaN	True	NaN	NaN	NaN	Low
CD8B2	NaN	NaN	True	NaN	NaN	Low
CD93	NaN	True	NaN	NaN	NaN	Low
CD96	NaN	True	NaN	NaN	NaN	Low
CDA	NaN	True	NaN	NaN	NaN	Low
CDC25C	NaN	NaN	True	NaN	NaN	Low
CDC42EP3	NaN	True	NaN	NaN	NaN	Low
CDC42SE1	NaN	True	NaN	NaN	NaN	Low
CDCA7L	NaN	True	NaN	NaN	NaN	Low
CDH13	NaN	NaN	True	NaN	NaN	Low
CDH19	NaN	NaN	True	NaN	NaN	Low
CDH23	NaN	True	True	NaN	NaN	Medium
CDH4	NaN	NaN	True	NaN	NaN	Low
CDIPT	NaN	True	NaN	NaN	NaN	Low
CDK1	NaN	NaN	NaN	True	NaN	Low
CDK4	True	True	NaN	True	NaN	High
CDR2	NaN	True	NaN	NaN	NaN	Low
CDR2L	NaN	True	NaN	NaN	NaN	Low
CDS2	NaN	True	NaN	NaN	NaN	Low
CEACAM1	NaN	True	NaN	NaN	NaN	Low
CEACAM3	NaN	True	NaN	NaN	NaN	Low
CECR6	NaN	True	NaN	NaN	NaN	Low
CEMIP2	NaN	NaN	True	NaN	NaN	Low
CENPH	NaN	True	NaN	NaN	NaN	Low
CEP68	NaN	True	NaN	NaN	NaN	Low
CES5A	NaN	NaN	True	NaN	NaN	Low
CFAP61	NaN	NaN	True	NaN	NaN	Low
CFLAR	NaN	True	NaN	NaN	NaN	Low
CHCHD3	NaN	NaN	True	NaN	NaN	Low
CHD6	NaN	True	NaN	NaN	NaN	Low
CHIC2	NaN	True	NaN	NaN	NaN	Low
CHMP1A	NaN	True	NaN	NaN	NaN	Low
CHPF2	NaN	True	NaN	NaN	NaN	Low
CHRM1	True	NaN	NaN	NaN	NaN	Low
CHRNA10	NaN	True	NaN	NaN	NaN	Low
CHRNB2	True	NaN	NaN	True	NaN	Medium
CHST11	NaN	True	NaN	NaN	NaN	Low
CHST15	NaN	True	NaN	NaN	NaN	Low
CHST7	NaN	True	NaN	NaN	NaN	Low
CHSY1	NaN	True	NaN	NaN	NaN	Low
CIART	True	NaN	NaN	True	NaN	Medium
CIB3	NaN	True	NaN	NaN	NaN	Low
CIPC	True	NaN	NaN	True	NaN	Medium
CIR1	NaN	NaN	True	NaN	NaN	Low
CLDN4	True	NaN	NaN	True	NaN	Medium
CLEC18B	NaN	True	NaN	NaN	NaN	Low
CLEC2D	NaN	True	NaN	NaN	NaN	Low
CLEC4C	NaN	True	NaN	NaN	NaN	Low
CLEC4E	NaN	True	NaN	NaN	NaN	Low
CLIP1	NaN	NaN	True	NaN	NaN	Low
CLN5	NaN	NaN	True	NaN	NaN	Low
CLOCK	True	NaN	NaN	True	True	High
CLRN1-AS1	NaN	NaN	True	NaN	NaN	Low
CLUAP1	NaN	True	NaN	NaN	NaN	Low
CLUHP8	NaN	NaN	True	NaN	NaN	Low
CLYBL	NaN	True	NaN	NaN	NaN	Low
CMC4	NaN	True	NaN	NaN	NaN	Low
CMTM2	NaN	True	NaN	NaN	NaN	Low
CMTM5	NaN	True	NaN	NaN	NaN	Low
CMTM8	NaN	True	NaN	NaN	NaN	Low
CNBD1	NaN	NaN	True	NaN	NaN	Low
CNPY3	NaN	True	NaN	NaN	NaN	Low
CNTN4	NaN	NaN	True	NaN	NaN	Low
CNTN5	NaN	NaN	True	NaN	NaN	Low
CNTNAP2	NaN	True	NaN	NaN	NaN	Low
CNTNAP3	NaN	True	NaN	NaN	NaN	Low
CNTNAP5	NaN	NaN	True	NaN	NaN	Low
COG5	NaN	NaN	True	NaN	NaN	Low
COL19A1	NaN	True	NaN	NaN	NaN	Low
COL4A1	NaN	NaN	True	NaN	NaN	Low
COPZ1	NaN	NaN	True	NaN	NaN	Low
COPZ2	NaN	NaN	True	NaN	NaN	Low
COQ10B	NaN	NaN	True	NaN	NaN	Low
CORO1C	NaN	True	NaN	NaN	NaN	Low
COTL1	NaN	True	NaN	NaN	NaN	Low
CPD	NaN	True	NaN	NaN	NaN	Low
CPEB1	NaN	NaN	True	NaN	NaN	Low
CPEB3	NaN	NaN	True	NaN	NaN	Low
CPNE2	NaN	True	NaN	NaN	NaN	Low
CPNE7	NaN	True	NaN	NaN	NaN	Low
CPNE8	NaN	NaN	True	NaN	NaN	Low
CPNE8-AS1	NaN	NaN	True	NaN	NaN	Low
CPPED1	NaN	True	NaN	NaN	NaN	Low
CPQ	NaN	NaN	True	NaN	NaN	Low
CPT1A	True	NaN	NaN	True	NaN	Medium
CR1L	NaN	True	NaN	NaN	NaN	Low
CR2	NaN	True	NaN	NaN	NaN	Low
CRAT	NaN	True	NaN	NaN	NaN	Low
CREB1	True	NaN	NaN	True	NaN	Medium
CREB5	NaN	True	NaN	NaN	NaN	Low
CREM	True	NaN	NaN	True	NaN	Medium
CRH	True	NaN	NaN	True	NaN	Medium
CRHBP	NaN	NaN	True	NaN	NaN	Low
CRIM1	NaN	NaN	True	NaN	NaN	Low
CRIP2	NaN	True	NaN	NaN	NaN	Low
CRIPT	NaN	NaN	True	NaN	NaN	Low
CRISPLD2	NaN	True	NaN	NaN	NaN	Low
CRTAC1	NaN	NaN	True	NaN	NaN	Low
CRTAM	NaN	True	NaN	NaN	NaN	Low
CRTC1	True	NaN	NaN	True	NaN	Medium
CRTC3	NaN	True	NaN	NaN	NaN	Low
CRX	True	NaN	NaN	NaN	NaN	Low
CRY1	True	True	True	True	True	High
CRY2	True	True	NaN	True	True	High
CSAD	NaN	True	NaN	NaN	NaN	Low
CSF2	NaN	NaN	NaN	True	NaN	Low
CSF2RA	NaN	True	NaN	NaN	NaN	Low
CSF2RB	NaN	True	NaN	NaN	NaN	Low
CSF3R	NaN	True	NaN	NaN	NaN	Low
CSMD1	NaN	NaN	True	NaN	NaN	Low
CSNK1D	True	True	NaN	True	NaN	High
CSNK1E	True	True	NaN	True	True	High
CSRNP3	NaN	True	NaN	NaN	NaN	Low
CST3	True	NaN	NaN	NaN	NaN	Low
CST7	NaN	True	NaN	NaN	NaN	Low
CSTF3	NaN	True	NaN	NaN	NaN	Low
CTBP1	NaN	True	NaN	NaN	NaN	Low
CTBP2	NaN	NaN	True	NaN	NaN	Low
CTBS	NaN	True	NaN	NaN	NaN	Low
CTC1	NaN	NaN	True	NaN	NaN	Low
CTRL	NaN	True	NaN	NaN	NaN	Low
CTSD	NaN	True	NaN	NaN	NaN	Low
CTSF	NaN	True	True	NaN	NaN	Medium
CTSS	NaN	True	True	NaN	NaN	Medium
CTXN3	NaN	NaN	True	NaN	NaN	Low
CUL1	True	NaN	NaN	NaN	NaN	Low
CUL4A	NaN	True	NaN	NaN	NaN	Low
CUL9	NaN	NaN	True	NaN	NaN	Low
CUX1	NaN	NaN	True	NaN	NaN	Low
CXCL2	NaN	True	NaN	NaN	NaN	Low
CXCR5	NaN	True	NaN	NaN	NaN	Low
CXorf57	NaN	True	NaN	NaN	NaN	Low
CXorf65	NaN	True	NaN	NaN	NaN	Low
CYBRD1	NaN	True	NaN	NaN	NaN	Low
CYCS	NaN	True	NaN	NaN	NaN	Low
CYHR1	NaN	True	NaN	NaN	NaN	Low
CYLC1	NaN	NaN	True	NaN	NaN	Low
CYP27A1	NaN	True	NaN	NaN	NaN	Low
CYP2A6	NaN	NaN	True	NaN	NaN	Low
CYP2D7	NaN	True	NaN	NaN	NaN	Low
CYP2J2	NaN	True	NaN	NaN	NaN	Low
CYP4F2	NaN	True	NaN	NaN	NaN	Low
CYP4V2	NaN	True	NaN	NaN	NaN	Low
CYP51A1P1	NaN	NaN	True	NaN	NaN	Low
DAAM2	NaN	True	NaN	NaN	NaN	Low
DAB1	NaN	NaN	True	NaN	NaN	Low
DACT1	NaN	True	NaN	NaN	NaN	Low
DAPK2	NaN	True	NaN	NaN	NaN	Low
DBN1	NaN	True	NaN	NaN	NaN	Low
DBP	True	True	NaN	True	NaN	High
DCAF4	NaN	True	NaN	NaN	NaN	Low
DDB1	NaN	NaN	NaN	True	NaN	Low
DDC	True	NaN	True	True	True	High
DDI2	NaN	NaN	True	NaN	NaN	Low
DDIT4	NaN	True	NaN	NaN	NaN	Low
DDR1	NaN	True	NaN	NaN	NaN	Low
DDX18	NaN	True	NaN	NaN	NaN	Low
DDX42	NaN	True	NaN	NaN	NaN	Low
DDX5	True	NaN	NaN	NaN	NaN	Low
DEDD2	NaN	NaN	True	NaN	NaN	Low
DENND1A	NaN	NaN	True	NaN	NaN	Low
DENND2A	NaN	True	NaN	NaN	NaN	Low
DENND4A	NaN	True	NaN	NaN	NaN	Low
DENND5B	NaN	True	NaN	NaN	NaN	Low
DERA	NaN	NaN	True	NaN	NaN	Low
DGAT1	NaN	True	NaN	NaN	NaN	Low
DGAT2	NaN	True	NaN	NaN	NaN	Low
DGCR8	NaN	True	NaN	NaN	NaN	Low
DGKG	NaN	NaN	True	NaN	NaN	Low
DHODH	NaN	True	NaN	NaN	NaN	Low
DHRS13	NaN	True	NaN	NaN	NaN	Low
DHRS9	NaN	True	NaN	NaN	NaN	Low
DHRSX	NaN	True	NaN	NaN	NaN	Low
DHX34	NaN	True	NaN	NaN	NaN	Low
DHX9	True	NaN	NaN	NaN	NaN	Low
DIP2B	NaN	True	NaN	NaN	NaN	Low
DIP2C	NaN	NaN	True	NaN	NaN	Low
DIS3L2	NaN	True	NaN	NaN	NaN	Low
DKFZp686E14208	NaN	True	NaN	NaN	NaN	Low
DLEC1	NaN	True	NaN	NaN	NaN	Low
DMRT1	NaN	NaN	True	NaN	NaN	Low
DMRT2	NaN	NaN	True	NaN	NaN	Low
DMRTC1B	NaN	True	NaN	NaN	NaN	Low
DNAH1	NaN	NaN	True	NaN	NaN	Low
DNAJA1P1	NaN	NaN	True	NaN	NaN	Low
DNAJC10	NaN	True	NaN	NaN	NaN	Low
DNAJC16	NaN	True	True	NaN	NaN	Medium
DNAJC19	NaN	True	NaN	NaN	NaN	Low
DNM1L	NaN	True	NaN	NaN	NaN	Low
DNMT1	NaN	True	NaN	NaN	NaN	Low
DOCK1	NaN	NaN	True	NaN	NaN	Low
DOCK10	NaN	True	NaN	NaN	NaN	Low
DOCK3	NaN	NaN	True	NaN	NaN	Low
DOCK4	NaN	True	NaN	NaN	NaN	Low
DOCK5	NaN	True	NaN	NaN	NaN	Low
DOK5	NaN	True	NaN	NaN	NaN	Low
DPYD	NaN	NaN	True	NaN	NaN	Low
DPYD-AS1	NaN	NaN	True	NaN	NaN	Low
DPYSL3	NaN	NaN	True	NaN	NaN	Low
DRD1	True	NaN	True	NaN	True	High
DRD2	True	NaN	True	True	NaN	High
DRD3	True	NaN	True	True	NaN	High
DRD4	True	NaN	NaN	True	NaN	Medium
DSC1	NaN	True	NaN	NaN	NaN	Low
DTNA	NaN	NaN	True	NaN	NaN	Low
DTX2	NaN	True	NaN	NaN	NaN	Low
DTX3L	NaN	True	NaN	NaN	NaN	Low
DUS3L	NaN	NaN	True	NaN	NaN	Low
DUS4L-BCAP29	NaN	NaN	True	NaN	NaN	Low
DUSP1	NaN	True	NaN	NaN	NaN	Low
DUSP13	NaN	True	NaN	NaN	NaN	Low
DUSP27	NaN	True	NaN	NaN	NaN	Low
DUSP28	NaN	True	NaN	NaN	NaN	Low
DVL3	NaN	True	NaN	NaN	NaN	Low
DYRK1A	True	NaN	NaN	True	NaN	Medium
DYRK2	NaN	True	NaN	NaN	NaN	Low
DYSF	NaN	True	NaN	NaN	NaN	Low
DZIP3	NaN	True	NaN	NaN	NaN	Low
EBAG9	NaN	True	NaN	NaN	NaN	Low
EBF1	NaN	True	NaN	NaN	NaN	Low
EBLN3P	NaN	NaN	True	NaN	NaN	Low
ECE1	NaN	True	True	NaN	NaN	Medium
ECHDC2	NaN	True	NaN	NaN	NaN	Low
ECHDC3	NaN	True	NaN	NaN	NaN	Low
EEF1A1P11	NaN	NaN	True	NaN	NaN	Low
EEF1A1P12	NaN	NaN	True	NaN	NaN	Low
EEF1GP4	NaN	NaN	True	NaN	NaN	Low
EFCAB8	NaN	NaN	True	NaN	NaN	Low
EFNA5	NaN	NaN	True	NaN	NaN	Low
EGFR	NaN	NaN	NaN	True	NaN	Low
EGLN1	NaN	True	NaN	NaN	NaN	Low
EGR1	True	NaN	NaN	True	NaN	Medium
EGR2	NaN	NaN	True	NaN	NaN	Low
EGR3	True	NaN	NaN	True	NaN	Medium
EHMT2	NaN	NaN	True	NaN	NaN	Low
EID1	NaN	True	NaN	NaN	NaN	Low
EID2	NaN	True	NaN	NaN	NaN	Low
EIF2AK3	NaN	NaN	True	NaN	NaN	Low
EIF2AK3-DT	NaN	NaN	True	NaN	NaN	Low
EIF3E	NaN	True	NaN	NaN	NaN	Low
EIF3M	NaN	True	NaN	NaN	NaN	Low
EIF4B	NaN	True	NaN	NaN	NaN	Low
EIF4E3	NaN	True	NaN	NaN	NaN	Low
EIF4G3	NaN	NaN	True	NaN	NaN	Low
EIF5B	NaN	True	NaN	NaN	NaN	Low
ELAVL1	NaN	True	NaN	NaN	NaN	Low
ELL	NaN	True	NaN	NaN	NaN	Low
ELP2	NaN	True	NaN	NaN	NaN	Low
EML4	NaN	True	NaN	NaN	NaN	Low
EMP1	NaN	True	NaN	NaN	NaN	Low
ENO4	NaN	NaN	True	NaN	NaN	Low
ENSA	NaN	NaN	True	NaN	NaN	Low
ENTPD1	NaN	True	NaN	NaN	NaN	Low
EP300	True	NaN	NaN	True	NaN	Medium
EPB41L3	NaN	NaN	True	NaN	NaN	Low
EPC2	NaN	NaN	True	NaN	NaN	Low
EPCAM-DT	NaN	NaN	True	NaN	NaN	Low
EPHA5	NaN	NaN	True	NaN	NaN	Low
EPHB1	NaN	NaN	True	NaN	NaN	Low
EPHX2	NaN	True	NaN	NaN	NaN	Low
EPM2AIP1	NaN	True	NaN	NaN	NaN	Low
EPOR	NaN	True	NaN	NaN	NaN	Low
EPRS	NaN	True	NaN	NaN	NaN	Low
EPS15L1	NaN	True	NaN	NaN	NaN	Low
ERC2	NaN	NaN	True	NaN	NaN	Low
ERGIC1	NaN	True	NaN	NaN	NaN	Low
ERI1	NaN	NaN	True	NaN	NaN	Low
ERMN	NaN	True	NaN	NaN	NaN	Low
ESF1	NaN	True	NaN	NaN	NaN	Low
ESR1	NaN	True	NaN	NaN	NaN	Low
ESR2	NaN	NaN	True	NaN	NaN	Low
ESRRG	NaN	NaN	True	NaN	NaN	Low
ESYT2	NaN	True	NaN	NaN	NaN	Low
ESYT3	NaN	NaN	True	NaN	NaN	Low
EXD3	NaN	NaN	True	NaN	NaN	Low
EXOC2	NaN	True	NaN	NaN	NaN	Low
EXOC4	NaN	NaN	True	NaN	NaN	Low
EXOSC2	NaN	True	NaN	NaN	NaN	Low
EXOSC7	NaN	True	NaN	NaN	NaN	Low
EXOSC8	NaN	True	NaN	NaN	NaN	Low
EXOSC9	NaN	True	NaN	NaN	NaN	Low
EXT2	NaN	True	NaN	NaN	NaN	Low
EZH2	True	NaN	True	True	NaN	High
F12	NaN	True	NaN	NaN	NaN	Low
F13A1	NaN	NaN	True	NaN	NaN	Low
F7	True	NaN	NaN	True	NaN	Medium
FAAH2	NaN	True	NaN	NaN	NaN	Low
FABP5	NaN	True	True	NaN	NaN	Medium
FADS1	NaN	NaN	True	NaN	NaN	Low
FADS2	NaN	NaN	True	NaN	NaN	Low
FAM101B	NaN	True	NaN	NaN	NaN	Low
FAM102A	NaN	True	NaN	NaN	NaN	Low
FAM104B	NaN	True	NaN	NaN	NaN	Low
FAM118A	NaN	NaN	True	NaN	NaN	Low
FAM120A	NaN	True	NaN	NaN	NaN	Low
FAM120C	NaN	True	NaN	NaN	NaN	Low
FAM126B	NaN	True	NaN	NaN	NaN	Low
FAM134B	NaN	True	NaN	NaN	NaN	Low
FAM153A	NaN	True	NaN	NaN	NaN	Low
FAM155A	NaN	NaN	True	NaN	NaN	Low
FAM155B	NaN	NaN	True	NaN	NaN	Low
FAM162A	NaN	True	NaN	NaN	NaN	Low
FAM185A	NaN	NaN	True	NaN	NaN	Low
FAM193A	NaN	NaN	True	NaN	NaN	Low
FAM217A	NaN	NaN	True	NaN	NaN	Low
FAM3D	NaN	True	True	NaN	NaN	Medium
FAM49A	NaN	True	NaN	NaN	NaN	Low
FAM53B	NaN	True	NaN	NaN	NaN	Low
FAM53C	NaN	True	NaN	NaN	NaN	Low
FAM63A	NaN	True	NaN	NaN	NaN	Low
FAM71BP1	NaN	NaN	True	NaN	NaN	Low
FAM83B	NaN	NaN	True	NaN	NaN	Low
FAM86B3P	NaN	NaN	True	NaN	NaN	Low
FAM8A1	NaN	True	NaN	NaN	NaN	Low
FANCF	NaN	True	NaN	NaN	NaN	Low
FANCM	NaN	True	NaN	NaN	NaN	Low
FAR1	NaN	True	NaN	NaN	NaN	Low
FAS	True	NaN	NaN	NaN	NaN	Low
FBLN5	NaN	True	NaN	NaN	NaN	Low
FBXL13	NaN	True	True	NaN	NaN	Medium
FBXL16	NaN	True	NaN	NaN	NaN	Low
FBXL17	NaN	NaN	True	NaN	NaN	Low
FBXL20	NaN	True	NaN	NaN	NaN	Low
FBXL3	True	NaN	True	True	NaN	High
FBXO21	NaN	True	NaN	NaN	NaN	Low
FBXO28	NaN	True	NaN	NaN	NaN	Low
FBXO3	NaN	NaN	True	NaN	NaN	Low
FBXO34	NaN	NaN	True	NaN	NaN	Low
FBXO38	NaN	True	NaN	NaN	NaN	Low
FBXO4	NaN	True	NaN	NaN	NaN	Low
FBXW11	True	NaN	NaN	True	NaN	Medium
FBXW7	NaN	NaN	NaN	True	NaN	Low
FCGBP	NaN	True	NaN	NaN	NaN	Low
FCGR2A	NaN	True	NaN	NaN	NaN	Low
FCGR2B	NaN	True	NaN	NaN	NaN	Low
FCGR3B	NaN	True	NaN	NaN	NaN	Low
FCRLA	NaN	True	NaN	NaN	NaN	Low
FES	NaN	True	NaN	NaN	NaN	Low
FEV	NaN	NaN	NaN	NaN	True	High
FEZF1	NaN	NaN	True	NaN	NaN	Low
FFAR2	NaN	True	NaN	NaN	NaN	Low
FGF7	NaN	True	NaN	NaN	NaN	Low
FGFBP3	NaN	True	NaN	NaN	NaN	Low
FHIT	NaN	True	NaN	NaN	NaN	Low
FITM2	NaN	True	NaN	NaN	NaN	Low
FKBP1B	NaN	True	NaN	NaN	NaN	Low
FKBP4	NaN	True	NaN	NaN	NaN	Low
FKBP8	NaN	True	NaN	NaN	NaN	Low
FLCN	NaN	True	NaN	NaN	NaN	Low
FLOT1	NaN	True	NaN	NaN	NaN	Low
FLT3	NaN	True	NaN	NaN	NaN	Low
FLT3LG	NaN	True	NaN	NaN	NaN	Low
FNBP4	NaN	NaN	True	NaN	NaN	Low
FNDC3B	NaN	True	NaN	NaN	NaN	Low
FO082842.1	NaN	NaN	True	NaN	NaN	Low
FOLR3	NaN	True	NaN	NaN	NaN	Low
FOS	NaN	True	NaN	NaN	NaN	Low
FOSL2	NaN	True	NaN	NaN	NaN	Low
FOXA2	NaN	NaN	NaN	NaN	True	High
FOXJ1	NaN	True	NaN	NaN	NaN	Low
FOXK1	NaN	True	NaN	NaN	NaN	Low
FOXO1	NaN	True	NaN	NaN	NaN	Low
FOXP1	NaN	NaN	True	NaN	NaN	Low
FOXP2	NaN	NaN	True	NaN	NaN	Low
FOXP4	NaN	NaN	True	NaN	NaN	Low
FPR2	NaN	True	NaN	NaN	NaN	Low
FRAT1	NaN	True	NaN	NaN	NaN	Low
FSTL5	NaN	True	NaN	NaN	NaN	Low
FTH1P5	NaN	NaN	True	NaN	NaN	Low
FTO	NaN	NaN	True	NaN	NaN	Low
FUT7	NaN	True	NaN	NaN	NaN	Low
FXNP1	NaN	NaN	True	NaN	NaN	Low
G6PD	NaN	True	NaN	NaN	NaN	Low
GAB1	NaN	True	NaN	NaN	NaN	Low
GAB4	NaN	True	NaN	NaN	NaN	Low
GABARAP	NaN	True	NaN	NaN	NaN	Low
GABBR1	NaN	NaN	NaN	NaN	True	High
GABPB2	NaN	True	NaN	NaN	NaN	Low
GABRA1	NaN	NaN	NaN	NaN	True	High
GADD45B	NaN	True	NaN	NaN	NaN	Low
GALNT14	NaN	True	NaN	NaN	NaN	Low
GAPDHP57	NaN	NaN	True	NaN	NaN	Low
GAS7	NaN	True	NaN	NaN	NaN	Low
GATA2	NaN	True	NaN	NaN	True	High
GATA3	NaN	NaN	NaN	NaN	True	High
GATA4	NaN	NaN	True	NaN	NaN	Low
GATM	NaN	True	NaN	NaN	NaN	Low
GBF1	NaN	NaN	True	NaN	NaN	Low
GCH1	NaN	NaN	True	NaN	NaN	Low
GCSH	NaN	True	NaN	NaN	NaN	Low
GFAP	NaN	NaN	True	NaN	NaN	Low
GFPT1	True	NaN	NaN	True	NaN	Medium
GFRAL	NaN	NaN	True	NaN	NaN	Low
GGA1	NaN	True	NaN	NaN	NaN	Low
GGTLC2	NaN	True	NaN	NaN	NaN	Low
GHRH	True	NaN	NaN	True	NaN	Medium
GHRHR	NaN	NaN	NaN	True	NaN	Low
GHRL	True	True	NaN	True	NaN	High
GHSR	NaN	NaN	True	NaN	NaN	Low
GIMAP5	NaN	True	NaN	NaN	NaN	Low
GIMAP7	NaN	True	NaN	NaN	NaN	Low
GK	NaN	True	NaN	NaN	NaN	Low
GKAP1	NaN	NaN	True	NaN	NaN	Low
GLIS3	NaN	NaN	True	NaN	NaN	Low
GLT1D1	NaN	True	NaN	NaN	NaN	Low
GLYAT	NaN	NaN	True	NaN	NaN	Low
GMCL1	NaN	NaN	True	NaN	NaN	Low
GNA11	True	True	NaN	True	NaN	High
GNAI2	NaN	True	True	NaN	NaN	Medium
GNAO1	NaN	NaN	True	NaN	NaN	Low
GNAQ	True	NaN	NaN	True	NaN	Medium
GNG2	NaN	True	NaN	NaN	NaN	Low
GNG7	NaN	NaN	True	NaN	NaN	Low
GNMT	NaN	True	NaN	NaN	NaN	Low
GNPATP	NaN	NaN	True	NaN	NaN	Low
GNS	NaN	True	NaN	NaN	NaN	Low
GOLGA4	NaN	True	NaN	NaN	NaN	Low
GOLGA6L10	NaN	True	NaN	NaN	NaN	Low
GOLGA8A	NaN	True	NaN	NaN	NaN	Low
GOLPH3L	NaN	NaN	True	NaN	NaN	Low
GON4L	NaN	True	NaN	NaN	NaN	Low
GPA33	NaN	True	NaN	NaN	NaN	Low
GPATCH2	NaN	NaN	True	NaN	NaN	Low
GPATCH4	NaN	True	NaN	NaN	NaN	Low
GPC5	NaN	NaN	True	NaN	NaN	Low
GPC6	NaN	NaN	True	NaN	NaN	Low
GPN1	NaN	True	NaN	NaN	NaN	Low
GPR139	NaN	NaN	True	NaN	NaN	Low
GPR141	NaN	True	NaN	NaN	NaN	Low
GPR157	NaN	NaN	NaN	True	NaN	Low
GPR176	NaN	NaN	NaN	True	NaN	Low
GPR26	NaN	NaN	True	NaN	NaN	Low
GPR27	NaN	True	NaN	NaN	NaN	Low
GPR32	NaN	True	NaN	NaN	NaN	Low
GPR6	NaN	NaN	True	NaN	NaN	Low
GPR61	NaN	NaN	True	NaN	NaN	Low
GPRASP1	NaN	True	NaN	NaN	NaN	Low
GPRC5B	NaN	True	True	NaN	NaN	Medium
GPX7	NaN	True	NaN	NaN	NaN	Low
GRAP	NaN	True	NaN	NaN	NaN	Low
GRASP	NaN	True	NaN	NaN	NaN	Low
GRB10	NaN	True	True	NaN	NaN	Medium
GREM2	NaN	True	NaN	NaN	NaN	Low
GRK6	NaN	NaN	True	NaN	NaN	Low
GRM5	NaN	NaN	True	NaN	NaN	Low
GRM7	NaN	NaN	True	NaN	NaN	Low
GRPEL1	NaN	True	NaN	NaN	NaN	Low
GSK3B	True	True	NaN	True	NaN	High
GSTM4	NaN	True	NaN	NaN	NaN	Low
GTF2I	NaN	True	NaN	NaN	NaN	Low
GTF2IRD2	NaN	True	NaN	NaN	NaN	Low
GTPBP1	NaN	NaN	True	NaN	NaN	Low
GUCY2EP	NaN	NaN	True	NaN	NaN	Low
GZMB	NaN	True	NaN	NaN	NaN	Low
H1FX	NaN	True	NaN	NaN	NaN	Low
H3C9P	NaN	NaN	True	NaN	NaN	Low
H4C8	NaN	NaN	True	NaN	NaN	Low
HAAO	NaN	True	NaN	NaN	NaN	Low
HABP4	NaN	True	NaN	NaN	NaN	Low
HACD2	NaN	NaN	True	NaN	NaN	Low
HACL1	NaN	True	NaN	NaN	NaN	Low
HAGHL	NaN	True	NaN	NaN	NaN	Low
HAL	NaN	True	NaN	NaN	NaN	Low
HAPLN3	NaN	True	NaN	NaN	NaN	Low
HAS2-AS1	NaN	NaN	True	NaN	NaN	Low
HBP1	NaN	True	NaN	NaN	NaN	Low
HCG27	NaN	True	NaN	NaN	NaN	Low
HCK	NaN	True	True	NaN	NaN	Medium
HCRTR1	True	NaN	NaN	NaN	NaN	Low
HCRTR2	True	NaN	True	True	NaN	High
HDAC1	True	NaN	NaN	True	NaN	Medium
HDAC2	True	NaN	NaN	True	NaN	Medium
HDAC3	True	NaN	NaN	True	NaN	Medium
HDAC4	NaN	NaN	True	NaN	NaN	Low
HDAC9	NaN	NaN	True	NaN	NaN	Low
HEBP1	True	NaN	NaN	True	NaN	Medium
HECW2	NaN	NaN	True	NaN	NaN	Low
HELLS	NaN	True	NaN	NaN	NaN	Low
HELQ	NaN	True	NaN	NaN	NaN	Low
HEPACAM2	NaN	True	NaN	NaN	NaN	Low
HES7	NaN	NaN	True	NaN	NaN	Low
HHATL	NaN	True	NaN	NaN	NaN	Low
HIKESHI	NaN	NaN	True	NaN	NaN	Low
HIST1H1C	NaN	True	NaN	NaN	NaN	Low
HIST1H2AD	NaN	True	NaN	NaN	NaN	Low
HIST1H2BD	NaN	True	NaN	NaN	NaN	Low
HIST1H2BE	NaN	True	NaN	NaN	NaN	Low
HIST1H2BH	NaN	True	NaN	NaN	NaN	Low
HIST1H2BI	NaN	True	NaN	NaN	NaN	Low
HIST1H2BM	NaN	True	NaN	NaN	NaN	Low
HIST1H3J	NaN	True	NaN	NaN	NaN	Low
HIST2H2AA4	NaN	True	NaN	NaN	NaN	Low
HIST2H2BE	NaN	True	NaN	NaN	NaN	Low
HIST2H2BF	NaN	True	NaN	NaN	NaN	Low
HIST2H3D	NaN	True	NaN	NaN	NaN	Low
HIST3H2BB	NaN	True	NaN	NaN	NaN	Low
HIVEP1	NaN	NaN	True	NaN	NaN	Low
HK3	NaN	True	NaN	NaN	NaN	Low
HKDC1	NaN	True	NaN	NaN	NaN	Low
HLA-DQA1	NaN	True	NaN	NaN	NaN	Low
HLA-W	NaN	NaN	True	NaN	NaN	Low
HLCS	NaN	True	NaN	NaN	NaN	Low
HLX	NaN	True	NaN	NaN	NaN	Low
HMGB1P25	NaN	NaN	True	NaN	NaN	Low
HMGB2	NaN	True	NaN	NaN	NaN	Low
HMGCLL1	NaN	NaN	True	NaN	NaN	Low
HMGN2P13	NaN	NaN	True	NaN	NaN	Low
HMGN2P39	NaN	NaN	True	NaN	NaN	Low
HNF1B	True	NaN	NaN	True	NaN	Medium
HNF4A	NaN	NaN	NaN	True	NaN	Low
HNF4G	NaN	NaN	True	NaN	NaN	Low
HNF4GP1	NaN	NaN	True	NaN	NaN	Low
HNRNPA1	NaN	True	NaN	NaN	NaN	Low
HNRNPA1L2	NaN	True	NaN	NaN	NaN	Low
HNRNPA1P54	NaN	NaN	True	NaN	NaN	Low
HNRNPA1P57	NaN	NaN	True	NaN	NaN	Low
HNRNPA1P69	NaN	NaN	True	NaN	NaN	Low
HNRNPA3	NaN	True	NaN	NaN	NaN	Low
HNRNPD	True	NaN	True	True	NaN	High
HNRNPL	NaN	NaN	NaN	True	NaN	Low
HNRNPR	NaN	NaN	NaN	True	NaN	Low
HNRNPU	True	True	NaN	True	NaN	High
HOMER1	True	NaN	NaN	NaN	NaN	Low
HOOK1	NaN	True	NaN	NaN	NaN	Low
HP	NaN	True	NaN	NaN	NaN	Low
HP1BP3	NaN	NaN	True	NaN	NaN	Low
HPCAL4	NaN	True	NaN	NaN	NaN	Low
HPRT1	NaN	True	NaN	NaN	NaN	Low
HPS4	NaN	True	NaN	NaN	NaN	Low
HPSE	NaN	True	NaN	NaN	NaN	Low
HS3ST2	True	NaN	True	True	NaN	High
HSD11B2	NaN	True	NaN	NaN	NaN	Low
HSD17B10	NaN	True	NaN	NaN	NaN	Low
HSD17B12	NaN	NaN	True	NaN	NaN	Low
HSDL2	NaN	NaN	True	NaN	NaN	Low
HSF2	NaN	True	NaN	NaN	NaN	Low
HSPA14	NaN	True	NaN	NaN	NaN	Low
HSPA1A	NaN	True	NaN	NaN	NaN	Low
HSPA1B	NaN	True	NaN	NaN	NaN	Low
HSPA6	NaN	True	NaN	NaN	NaN	Low
HSPA9	NaN	True	NaN	NaN	NaN	Low
HSPD1P6	NaN	NaN	True	NaN	NaN	Low
HTATSF1	NaN	True	NaN	NaN	NaN	Low
HTR1A	NaN	NaN	NaN	NaN	True	High
HTR1B	NaN	True	NaN	NaN	True	High
HTR1D	NaN	NaN	NaN	NaN	True	High
HTR2A	NaN	NaN	NaN	NaN	True	High
HTR2C	NaN	NaN	NaN	NaN	True	High
HTR6	NaN	NaN	True	NaN	NaN	Low
HTR7	True	NaN	NaN	True	True	High
IARS	NaN	True	NaN	NaN	NaN	Low
IBTK	NaN	True	NaN	NaN	NaN	Low
ICA1	NaN	NaN	True	NaN	NaN	Low
ICOS	NaN	True	NaN	NaN	NaN	Low
ID1	NaN	NaN	NaN	True	NaN	Low
ID2	True	NaN	NaN	True	NaN	Medium
ID3	True	NaN	NaN	True	NaN	Medium
ID4	True	NaN	NaN	True	NaN	Medium
IDH1	NaN	True	NaN	NaN	NaN	Low
IDI2	NaN	True	NaN	NaN	NaN	Low
IDS	NaN	True	NaN	NaN	NaN	Low
IFIT1B	NaN	True	NaN	NaN	NaN	Low
IFIT2	NaN	True	NaN	NaN	NaN	Low
IFNG	NaN	True	NaN	NaN	NaN	Low
IGBP1P5	NaN	NaN	True	NaN	NaN	Low
IGF2R	NaN	True	NaN	NaN	NaN	Low
IGHD	NaN	True	NaN	NaN	NaN	Low
IGLL1	NaN	True	NaN	NaN	NaN	Low
IKBIP	NaN	True	NaN	NaN	NaN	Low
IL13RA1	NaN	True	NaN	NaN	NaN	Low
IL1B	NaN	True	NaN	NaN	NaN	Low
IL1R2	NaN	True	NaN	NaN	NaN	Low
IL1RAP	NaN	True	NaN	NaN	NaN	Low
IL1RAPL1	NaN	NaN	True	NaN	NaN	Low
IL1RL2	NaN	True	NaN	NaN	NaN	Low
IL1RN	NaN	True	NaN	NaN	NaN	Low
IL20RB	NaN	NaN	True	NaN	NaN	Low
IL23A	NaN	True	NaN	NaN	NaN	Low
IL31RA	NaN	True	NaN	NaN	NaN	Low
IL6	True	NaN	NaN	NaN	NaN	Low
ILF3	NaN	NaN	True	NaN	NaN	Low
IMPDH1	NaN	True	NaN	NaN	NaN	Low
IMPDH2	NaN	NaN	NaN	True	NaN	Low
INHBB	NaN	True	NaN	NaN	NaN	Low
INPP4B	NaN	True	NaN	NaN	NaN	Low
INPP5E	NaN	NaN	True	NaN	NaN	Low
INSM1	NaN	NaN	NaN	NaN	True	High
INSR	NaN	NaN	True	NaN	NaN	Low
IP6K2	NaN	NaN	True	NaN	NaN	Low
IP6K3	NaN	True	NaN	NaN	NaN	Low
IPCEF1	NaN	NaN	True	NaN	NaN	Low
IPMK	NaN	True	NaN	NaN	NaN	Low
IQCA1	NaN	True	NaN	NaN	NaN	Low
IQCB1	NaN	True	NaN	NaN	NaN	Low
IQCK	NaN	True	NaN	NaN	NaN	Low
IRAK3	NaN	True	NaN	NaN	NaN	Low
IRF1	NaN	True	NaN	NaN	NaN	Low
IRF2	NaN	True	NaN	NaN	NaN	Low
IRF7	NaN	True	NaN	NaN	NaN	Low
IRS2	NaN	True	NaN	NaN	NaN	Low
ISM1	NaN	True	True	NaN	NaN	Medium
ITCH	NaN	True	NaN	NaN	NaN	Low
ITGA5	NaN	True	NaN	NaN	NaN	Low
ITGA6	NaN	True	NaN	NaN	NaN	Low
ITGAX	NaN	True	NaN	NaN	NaN	Low
ITK	NaN	True	NaN	NaN	NaN	Low
ITPK1	NaN	True	NaN	NaN	NaN	Low
ITPKB	NaN	True	True	NaN	NaN	Medium
JAK1	NaN	True	NaN	NaN	NaN	Low
JHY	NaN	NaN	True	NaN	NaN	Low
JUN	True	NaN	NaN	True	NaN	Medium
JUNB	NaN	True	NaN	NaN	NaN	Low
JUND	True	NaN	NaN	True	NaN	Medium
KANK1	NaN	True	True	NaN	NaN	Medium
KANSL1	NaN	NaN	True	NaN	NaN	Low
KAT6A	NaN	NaN	True	NaN	NaN	Low
KAZN	NaN	NaN	True	NaN	NaN	Low
KBTBD2	NaN	NaN	True	NaN	NaN	Low
KCNA2	NaN	NaN	NaN	True	NaN	Low
KCNB2	NaN	NaN	True	NaN	NaN	Low
KCND2	True	NaN	NaN	True	NaN	Medium
KCNE3	NaN	True	NaN	NaN	NaN	Low
KCNE4	NaN	True	NaN	NaN	NaN	Low
KCNF1	NaN	NaN	True	NaN	NaN	Low
KCNG1	NaN	True	NaN	NaN	NaN	Low
KCNH2	NaN	True	True	NaN	NaN	Medium
KCNH5	NaN	NaN	True	NaN	NaN	Low
KCNH6	NaN	True	NaN	NaN	NaN	Low
KCNH7	True	True	NaN	NaN	NaN	Medium
KCNH8	NaN	True	NaN	NaN	NaN	Low
KCNIP4	NaN	NaN	True	NaN	NaN	Low
KCNJ1	NaN	True	NaN	NaN	NaN	Low
KCNJ12	NaN	True	NaN	NaN	NaN	Low
KCNJ4	NaN	NaN	True	NaN	NaN	Low
KCNK2	NaN	NaN	NaN	NaN	True	High
KCNK3	NaN	NaN	NaN	NaN	True	High
KCNMA1	True	NaN	NaN	NaN	NaN	Low
KCNMB4	NaN	True	NaN	NaN	NaN	Low
KCNN2	NaN	NaN	True	NaN	NaN	Low
KCNN3	NaN	NaN	NaN	NaN	True	High
KCNQ1	NaN	True	NaN	NaN	NaN	Low
KCNT2	NaN	NaN	True	NaN	NaN	Low
KCT2	NaN	True	NaN	NaN	NaN	Low
KDELR3	NaN	NaN	True	NaN	NaN	Low
KDM2A	NaN	NaN	NaN	True	NaN	Low
KDM3B	NaN	NaN	True	NaN	NaN	Low
KDM4C	NaN	True	NaN	NaN	NaN	Low
KDM5A	True	NaN	NaN	True	NaN	Medium
KDM8	NaN	NaN	NaN	True	NaN	Low
KDSR	NaN	True	NaN	NaN	NaN	Low
KHDRBS2	NaN	NaN	True	NaN	NaN	Low
KIAA0319L	NaN	True	NaN	NaN	NaN	Low
KIAA0586	NaN	True	NaN	NaN	NaN	Low
KIAA1147	NaN	True	NaN	NaN	NaN	Low
KIAA1257	NaN	True	NaN	NaN	NaN	Low
KIAA1324L	NaN	True	NaN	NaN	NaN	Low
KIF11	NaN	True	NaN	NaN	NaN	Low
KIF16B	NaN	True	NaN	NaN	NaN	Low
KIF18B	NaN	NaN	True	NaN	NaN	Low
KIF1B	NaN	True	NaN	NaN	NaN	Low
KIF21A	NaN	NaN	True	NaN	NaN	Low
KIF3A	NaN	True	NaN	NaN	NaN	Low
KIF3C	NaN	True	NaN	NaN	NaN	Low
KIR2DL2	NaN	True	NaN	NaN	NaN	Low
KIR2DL4	NaN	True	NaN	NaN	NaN	Low
KIR2DL5A	NaN	True	NaN	NaN	NaN	Low
KIR2DS1	NaN	True	NaN	NaN	NaN	Low
KIR2DS2	NaN	True	NaN	NaN	NaN	Low
KIR2DS4	NaN	True	NaN	NaN	NaN	Low
KIR3DL2	NaN	True	NaN	NaN	NaN	Low
KIRREL3	NaN	NaN	True	NaN	NaN	Low
KLF10	True	NaN	NaN	True	NaN	Medium
KLF11	NaN	True	NaN	NaN	NaN	Low
KLF12	NaN	True	NaN	NaN	NaN	Low
KLF5	NaN	NaN	True	NaN	NaN	Low
KLF9	True	True	NaN	True	NaN	High
KLHDC8B	NaN	True	NaN	NaN	NaN	Low
KLHL20	NaN	True	NaN	NaN	NaN	Low
KLHL29	NaN	True	True	NaN	NaN	Medium
KLHL3	NaN	True	NaN	NaN	NaN	Low
KLHL34	NaN	True	NaN	NaN	NaN	Low
KLK4	NaN	True	NaN	NaN	NaN	Low
KMT2A	True	NaN	NaN	True	NaN	Medium
KMT2D	NaN	NaN	True	NaN	NaN	Low
KPNA1	NaN	True	NaN	NaN	NaN	Low
KPNA5	NaN	True	NaN	NaN	NaN	Low
KRASP1	NaN	NaN	True	NaN	NaN	Low
KREMEN1	NaN	True	NaN	NaN	NaN	Low
KRR1	NaN	True	NaN	NaN	NaN	Low
KRT18P16	NaN	NaN	True	NaN	NaN	Low
KRT19P6	NaN	NaN	True	NaN	NaN	Low
KRT23	NaN	True	NaN	NaN	NaN	Low
KRT32	NaN	True	NaN	NaN	NaN	Low
KSR2	NaN	NaN	True	NaN	NaN	Low
L3MBTL1	NaN	True	NaN	NaN	NaN	Low
LAMA2	NaN	NaN	True	NaN	NaN	Low
LAMC2	NaN	NaN	True	NaN	NaN	Low
LAMP2	NaN	True	NaN	NaN	NaN	Low
LANCL3	NaN	True	NaN	NaN	NaN	Low
LARP4	NaN	True	NaN	NaN	NaN	Low
LARP4B	NaN	NaN	True	NaN	NaN	Low
LARP7P3	NaN	NaN	True	NaN	NaN	Low
LAT2	NaN	True	NaN	NaN	NaN	Low
LATS2	NaN	True	NaN	NaN	NaN	Low
LCMT2	NaN	True	NaN	NaN	NaN	Low
LCN2	NaN	True	NaN	NaN	NaN	Low
LCORL	NaN	NaN	True	NaN	NaN	Low
LDHB	NaN	True	NaN	NaN	NaN	Low
LDLR	NaN	True	NaN	NaN	NaN	Low
LEF1	NaN	True	NaN	NaN	NaN	Low
LEP	True	NaN	NaN	True	NaN	Medium
LEPR	NaN	True	NaN	NaN	NaN	Low
LGALS9	NaN	True	NaN	NaN	NaN	Low
LGALS9C	NaN	True	NaN	NaN	NaN	Low
LGR4	True	NaN	NaN	True	NaN	Medium
LHCGR	NaN	NaN	True	NaN	NaN	Low
LHFP	NaN	True	NaN	NaN	NaN	Low
LILRA1	NaN	True	NaN	NaN	NaN	Low
LILRA2	NaN	True	NaN	NaN	NaN	Low
LILRA3	NaN	True	NaN	NaN	NaN	Low
LILRA4	NaN	True	NaN	NaN	NaN	Low
LILRA5	NaN	True	NaN	NaN	NaN	Low
LILRB3	NaN	True	NaN	NaN	NaN	Low
LILRB4	NaN	True	NaN	NaN	NaN	Low
LILRB5	NaN	True	NaN	NaN	NaN	Low
LIMK2	NaN	True	NaN	NaN	NaN	Low
LIN52	NaN	NaN	True	NaN	NaN	Low
LIN7A	NaN	True	NaN	NaN	NaN	Low
LINC00240	NaN	NaN	True	NaN	NaN	Low
LINC00243	NaN	NaN	True	NaN	NaN	Low
LINC00383	NaN	NaN	True	NaN	NaN	Low
LINC00461	NaN	NaN	True	NaN	NaN	Low
LINC00534	NaN	NaN	True	NaN	NaN	Low
LINC00536	NaN	NaN	True	NaN	NaN	Low
LINC00635	NaN	NaN	True	NaN	NaN	Low
LINC00636	NaN	NaN	True	NaN	NaN	Low
LINC00678	NaN	NaN	True	NaN	NaN	Low
LINC00845	NaN	NaN	True	NaN	NaN	Low
LINC01031	NaN	NaN	True	NaN	NaN	Low
LINC01088	NaN	NaN	True	NaN	NaN	Low
LINC01098	NaN	NaN	True	NaN	NaN	Low
LINC01107	NaN	NaN	True	NaN	NaN	Low
LINC01122	NaN	NaN	True	NaN	NaN	Low
LINC01128	NaN	NaN	True	NaN	NaN	Low
LINC01135	NaN	NaN	True	NaN	NaN	Low
LINC01170	NaN	NaN	True	NaN	NaN	Low
LINC01208	NaN	NaN	True	NaN	NaN	Low
LINC01241	NaN	NaN	True	NaN	NaN	Low
LINC01249	NaN	NaN	True	NaN	NaN	Low
LINC01267	NaN	NaN	True	NaN	NaN	Low
LINC01288	NaN	NaN	True	NaN	NaN	Low
LINC01322	NaN	NaN	True	NaN	NaN	Low
LINC01344	NaN	NaN	True	NaN	NaN	Low
LINC01358	NaN	NaN	True	NaN	NaN	Low
LINC01414	NaN	NaN	True	NaN	NaN	Low
LINC01416	NaN	NaN	True	NaN	NaN	Low
LINC01470	NaN	NaN	True	NaN	NaN	Low
LINC01550	NaN	NaN	True	NaN	NaN	Low
LINC01572	NaN	NaN	True	NaN	NaN	Low
LINC01591	NaN	NaN	True	NaN	NaN	Low
LINC01627	NaN	NaN	True	NaN	NaN	Low
LINC01727	NaN	NaN	True	NaN	NaN	Low
LINC01761	NaN	NaN	True	NaN	NaN	Low
LINC01776	NaN	NaN	True	NaN	NaN	Low
LINC01791	NaN	NaN	True	NaN	NaN	Low
LINC01865	NaN	NaN	True	NaN	NaN	Low
LINC01876	NaN	NaN	True	NaN	NaN	Low
LINC01910	NaN	NaN	True	NaN	NaN	Low
LINC01911	NaN	NaN	True	NaN	NaN	Low
LINC01933	NaN	NaN	True	NaN	NaN	Low
LINC01937	NaN	NaN	True	NaN	NaN	Low
LINC01947	NaN	NaN	True	NaN	NaN	Low
LINC01950	NaN	NaN	True	NaN	NaN	Low
LINC01954	NaN	NaN	True	NaN	NaN	Low
LINC01982	NaN	NaN	True	NaN	NaN	Low
LINC01985	NaN	NaN	True	NaN	NaN	Low
LINC01994	NaN	NaN	True	NaN	NaN	Low
LINC01995	NaN	NaN	True	NaN	NaN	Low
LINC02008	NaN	NaN	True	NaN	NaN	Low
LINC02033	NaN	NaN	True	NaN	NaN	Low
LINC02067	NaN	NaN	True	NaN	NaN	Low
LINC02180	NaN	NaN	True	NaN	NaN	Low
LINC02196	NaN	NaN	True	NaN	NaN	Low
LINC02210-CRHR1	NaN	NaN	True	NaN	NaN	Low
LINC02229	NaN	NaN	True	NaN	NaN	Low
LINC02253	NaN	NaN	True	NaN	NaN	Low
LINC02261	NaN	NaN	True	NaN	NaN	Low
LINC02263	NaN	NaN	True	NaN	NaN	Low
LINC02322	NaN	NaN	True	NaN	NaN	Low
LINC02377	NaN	NaN	True	NaN	NaN	Low
LINC02392	NaN	NaN	True	NaN	NaN	Low
LINC02406	NaN	NaN	True	NaN	NaN	Low
LINC02465	NaN	NaN	True	NaN	NaN	Low
LINC02479	NaN	NaN	True	NaN	NaN	Low
LINC02498	NaN	NaN	True	NaN	NaN	Low
LINC02534	NaN	NaN	True	NaN	NaN	Low
LINC02609	NaN	NaN	True	NaN	NaN	Low
LINC02610	NaN	NaN	True	NaN	NaN	Low
LINC02641	NaN	NaN	True	NaN	NaN	Low
LINC02702	NaN	NaN	True	NaN	NaN	Low
LINC02742	NaN	NaN	True	NaN	NaN	Low
LINC02787	NaN	NaN	True	NaN	NaN	Low
LINC02790	NaN	NaN	True	NaN	NaN	Low
LINC02792	NaN	NaN	True	NaN	NaN	Low
LINC02840	NaN	NaN	True	NaN	NaN	Low
LINC02867	NaN	NaN	True	NaN	NaN	Low
LINGO1	NaN	NaN	True	NaN	NaN	Low
LITAF	NaN	True	NaN	NaN	NaN	Low
LMAN2	NaN	NaN	True	NaN	NaN	Low
LMBRD1	NaN	NaN	True	NaN	NaN	Low
LMLN	NaN	True	NaN	NaN	NaN	Low
LMNB1	NaN	True	NaN	NaN	NaN	Low
LMO7	NaN	True	NaN	NaN	NaN	Low
LMOD1	NaN	NaN	True	NaN	NaN	Low
LMX1B	NaN	NaN	NaN	NaN	True	High
LPAR2	NaN	True	NaN	NaN	NaN	Low
LPCAT1	NaN	True	NaN	NaN	NaN	Low
LPCAT2	NaN	True	NaN	NaN	NaN	Low
LPP	NaN	NaN	True	NaN	NaN	Low
LRFN3	NaN	True	NaN	NaN	NaN	Low
LRG1	NaN	True	NaN	NaN	NaN	Low
LRIG3	NaN	True	NaN	NaN	NaN	Low
LRP10	NaN	True	NaN	NaN	NaN	Low
LRP6	NaN	True	NaN	NaN	NaN	Low
LRPPRC	NaN	True	True	NaN	NaN	Medium
LRRC17	NaN	NaN	True	NaN	NaN	Low
LRRC37A2	NaN	True	NaN	NaN	NaN	Low
LRRC4B	NaN	True	NaN	NaN	NaN	Low
LRRC56	NaN	True	NaN	NaN	NaN	Low
LRRC6	NaN	True	NaN	NaN	NaN	Low
LRRC8C	NaN	True	NaN	NaN	NaN	Low
LRRCC1	NaN	True	NaN	NaN	NaN	Low
LRRN2	NaN	True	NaN	NaN	NaN	Low
LRRTM4	NaN	NaN	True	NaN	NaN	Low
LRRTM4-AS1	NaN	NaN	True	NaN	NaN	Low
LSAMP	NaN	NaN	True	NaN	NaN	Low
LSM1P2	NaN	NaN	True	NaN	NaN	Low
LTB4R2	NaN	True	NaN	NaN	NaN	Low
LTBR	NaN	True	NaN	NaN	NaN	Low
LUC7L	NaN	True	NaN	NaN	NaN	Low
LYNX1	NaN	True	NaN	NaN	NaN	Low
LYRM7	NaN	True	NaN	NaN	NaN	Low
MACROD2	NaN	True	True	NaN	NaN	Medium
MAD1L1	NaN	NaN	True	NaN	NaN	Low
MADCAM1	NaN	True	NaN	NaN	NaN	Low
MADD	NaN	NaN	True	NaN	NaN	Low
MAGEA4	NaN	True	NaN	NaN	NaN	Low
MAGED1	True	NaN	NaN	NaN	NaN	Low
MAGED4B	NaN	True	NaN	NaN	NaN	Low
MAGEF1	NaN	True	NaN	NaN	NaN	Low
MAGEH1	NaN	True	NaN	NaN	NaN	Low
MAGEL2	True	NaN	NaN	True	NaN	Medium
MAGI2	NaN	NaN	True	NaN	NaN	Low
MAGOH	NaN	True	NaN	NaN	NaN	Low
MAK	NaN	True	NaN	NaN	NaN	Low
MAK16	NaN	True	NaN	NaN	NaN	Low
MAL	NaN	True	NaN	NaN	NaN	Low
MAN1A1	NaN	True	NaN	NaN	NaN	Low
MAN1C1	NaN	True	NaN	NaN	NaN	Low
MANBA	NaN	NaN	True	NaN	NaN	Low
MANSC4	NaN	True	NaN	NaN	NaN	Low
MAOA	NaN	NaN	NaN	NaN	True	High
MAP1LC3A	NaN	True	NaN	NaN	NaN	Low
MAP1LC3B	NaN	True	NaN	NaN	NaN	Low
MAP2	NaN	NaN	True	NaN	NaN	Low
MAP3K20	NaN	NaN	True	NaN	NaN	Low
MAP3K20-AS1	NaN	NaN	True	NaN	NaN	Low
MAP3K3	NaN	True	NaN	NaN	NaN	Low
MAP7	NaN	True	NaN	NaN	NaN	Low
MAP9	NaN	True	NaN	NaN	NaN	Low
MAPK1	NaN	True	NaN	NaN	NaN	Low
MAPK10	True	NaN	NaN	True	NaN	Medium
MAPK8	True	NaN	NaN	True	NaN	Medium
MAPK9	True	NaN	NaN	True	NaN	Medium
MAPKAP1	NaN	NaN	True	NaN	NaN	Low
MAPKAPK2	NaN	True	NaN	NaN	NaN	Low
MAPT	NaN	NaN	True	NaN	NaN	Low
MARK2P10	NaN	NaN	True	NaN	NaN	Low
MAST3	NaN	True	NaN	NaN	NaN	Low
MAX	NaN	NaN	True	NaN	NaN	Low
MBOAT1	NaN	True	NaN	NaN	NaN	Low
MBOAT2	NaN	True	NaN	NaN	NaN	Low
MC3R	True	NaN	NaN	True	NaN	Medium
MCL1	NaN	True	NaN	NaN	NaN	Low
MCM5	NaN	NaN	True	NaN	NaN	Low
MCTP2	NaN	True	NaN	NaN	NaN	Low
MDC1	NaN	True	NaN	NaN	NaN	Low
MDFI	NaN	NaN	True	NaN	NaN	Low
MDFIC	NaN	True	True	NaN	NaN	Medium
MDGA1	NaN	NaN	True	NaN	NaN	Low
MDM2	NaN	True	NaN	NaN	NaN	Low
MDS2	NaN	True	NaN	NaN	NaN	Low
MEAF6	NaN	True	NaN	NaN	NaN	Low
MED13L	NaN	NaN	True	NaN	NaN	Low
MED23	NaN	True	NaN	NaN	NaN	Low
MED25	NaN	True	NaN	NaN	NaN	Low
MED28	NaN	True	NaN	NaN	NaN	Low
MED9	NaN	NaN	True	NaN	NaN	Low
MEF2C	NaN	NaN	True	NaN	NaN	Low
MEF2C-AS1	NaN	NaN	True	NaN	NaN	Low
MEIS1	NaN	NaN	True	NaN	NaN	Low
MEIS2	NaN	NaN	True	NaN	NaN	Low
METTL1	NaN	True	NaN	NaN	NaN	Low
METTL15	NaN	NaN	True	NaN	NaN	Low
METTL3	True	True	NaN	True	NaN	High
METTL5	NaN	True	NaN	NaN	NaN	Low
METTL8	NaN	True	NaN	NaN	NaN	Low
MFSD2B	NaN	NaN	True	NaN	NaN	Low
MFSD7	NaN	True	NaN	NaN	NaN	Low
MFSD8	NaN	True	NaN	NaN	NaN	Low
MGAM	NaN	True	NaN	NaN	NaN	Low
MGAT3	NaN	NaN	True	NaN	NaN	Low
MGAT5B	NaN	NaN	True	NaN	NaN	Low
MICD	NaN	NaN	True	NaN	NaN	Low
MID1	NaN	True	NaN	NaN	NaN	Low
MIDN	NaN	True	NaN	NaN	NaN	Low
MINA	NaN	True	NaN	NaN	NaN	Low
MINK1	NaN	NaN	True	NaN	NaN	Low
MIR100HG	NaN	NaN	True	NaN	NaN	Low
MIR1281	True	NaN	NaN	NaN	NaN	Low
MIR3064	True	NaN	NaN	NaN	NaN	Low
MIR3681HG	NaN	NaN	True	NaN	NaN	Low
MIR4455	NaN	NaN	True	NaN	NaN	Low
MIR4704	NaN	NaN	True	NaN	NaN	Low
MIR4751	True	NaN	NaN	NaN	NaN	Low
MIR5007	NaN	NaN	True	NaN	NaN	Low
MIR5047	True	NaN	NaN	NaN	NaN	Low
MIR548A1HG	NaN	NaN	True	NaN	NaN	Low
MIR548AI	NaN	NaN	True	NaN	NaN	Low
MIR5572	True	NaN	NaN	NaN	NaN	Low
MIR6883	True	NaN	NaN	NaN	NaN	Low
MIR924HG	NaN	NaN	True	NaN	NaN	Low
MIXL1	NaN	True	NaN	NaN	NaN	Low
MKL2	NaN	True	NaN	NaN	NaN	Low
MKNK2	NaN	True	NaN	NaN	NaN	Low
MLLT10	NaN	NaN	True	NaN	NaN	Low
MLLT3	NaN	True	NaN	NaN	NaN	Low
MMAB	NaN	NaN	True	NaN	NaN	Low
MMEL1	NaN	True	NaN	NaN	NaN	Low
MMP20	NaN	NaN	True	NaN	NaN	Low
MMP25	NaN	True	NaN	NaN	NaN	Low
MMP7	NaN	NaN	True	NaN	NaN	Low
MORC2	NaN	True	NaN	NaN	NaN	Low
MORC4	NaN	True	NaN	NaN	NaN	Low
MOSPD2	NaN	True	NaN	NaN	NaN	Low
MPHOSPH10	NaN	True	NaN	NaN	NaN	Low
MPPED2	NaN	NaN	True	NaN	NaN	Low
MPZL1	NaN	True	NaN	NaN	NaN	Low
MPZL3	NaN	NaN	True	NaN	NaN	Low
MRAS	NaN	NaN	True	NaN	NaN	Low
MRPL35	NaN	True	NaN	NaN	NaN	Low
MRPL49P1	NaN	NaN	True	NaN	NaN	Low
MRPS17P3	NaN	NaN	True	NaN	NaN	Low
MRPS18C	NaN	True	NaN	NaN	NaN	Low
MRPS27	NaN	True	NaN	NaN	NaN	Low
MRRF	NaN	True	NaN	NaN	NaN	Low
MRS2	NaN	True	NaN	NaN	NaN	Low
MRTO4	NaN	True	NaN	NaN	NaN	Low
MRVI1	NaN	True	NaN	NaN	NaN	Low
MSH3	NaN	True	NaN	NaN	NaN	Low
MSI2	NaN	NaN	True	NaN	NaN	Low
MSL1	NaN	True	NaN	NaN	NaN	Low
MSRA	NaN	NaN	True	NaN	NaN	Low
MSRB2	NaN	True	NaN	NaN	NaN	Low
MTA1	True	NaN	NaN	True	NaN	Medium
MTA3	NaN	True	NaN	NaN	NaN	Low
MTCH2	NaN	NaN	True	NaN	NaN	Low
MTHFR	NaN	True	NaN	NaN	NaN	Low
MTHFS	NaN	True	NaN	NaN	NaN	Low
MTMR3	NaN	True	NaN	NaN	NaN	Low
MTND2P9	NaN	NaN	True	NaN	NaN	Low
MTNR1A	True	NaN	NaN	True	True	High
MTNR1B	True	True	True	True	True	High
MTOR	NaN	NaN	NaN	True	NaN	Low
MTR	NaN	True	NaN	NaN	NaN	Low
MTRF1L	NaN	NaN	True	NaN	NaN	Low
MTTP	True	NaN	NaN	True	NaN	Medium
MUC20	NaN	True	NaN	NaN	NaN	Low
MX1	NaN	True	NaN	NaN	NaN	Low
MXD3	NaN	True	True	NaN	NaN	Medium
MXRA8	NaN	True	NaN	NaN	NaN	Low
MYBBP1A	True	True	NaN	True	NaN	High
MYBPC3	NaN	True	NaN	NaN	NaN	Low
MYBPH	NaN	True	NaN	NaN	NaN	Low
MYC	NaN	True	NaN	NaN	NaN	Low
MYCBP2	NaN	NaN	True	True	NaN	Medium
MYCBP2-AS1	NaN	NaN	True	NaN	NaN	Low
MYL9	NaN	True	NaN	NaN	NaN	Low
MYLIP	NaN	True	NaN	NaN	NaN	Low
MYO16	NaN	NaN	True	NaN	NaN	Low
MYO1F	NaN	True	NaN	NaN	NaN	Low
MYO7B	NaN	True	NaN	NaN	NaN	Low
N4BP2	NaN	True	NaN	NaN	NaN	Low
N6AMT1	NaN	True	NaN	NaN	NaN	Low
NAA11	NaN	NaN	True	NaN	NaN	Low
NAA25	NaN	NaN	True	NaN	NaN	Low
NAALADL2	NaN	NaN	True	NaN	NaN	Low
NADK	NaN	True	NaN	NaN	NaN	Low
NAE1	NaN	True	NaN	NaN	NaN	Low
NAGA	NaN	NaN	True	NaN	NaN	Low
NAGLU	True	NaN	NaN	True	NaN	Medium
NALCN	NaN	NaN	True	NaN	NaN	Low
NAMPT	True	True	NaN	True	NaN	High
NAPB	NaN	True	NaN	NaN	NaN	Low
NAT8B	NaN	True	NaN	NaN	NaN	Low
NAV3	NaN	NaN	True	NaN	NaN	Low
NBEA	NaN	True	NaN	NaN	NaN	Low
NBL1	NaN	NaN	True	NaN	NaN	Low
NCEH1	NaN	NaN	True	NaN	NaN	Low
NCF1	NaN	True	NaN	NaN	NaN	Low
NCF4	NaN	True	NaN	NaN	NaN	Low
NCK2	NaN	NaN	True	NaN	NaN	Low
NCOA2	True	NaN	NaN	True	NaN	Medium
NCOR1	True	NaN	NaN	True	NaN	Medium
NDEL1	NaN	True	NaN	NaN	NaN	Low
NDRG2	NaN	True	NaN	NaN	NaN	Low
NDUFA9	NaN	NaN	NaN	True	NaN	Low
NDUFAF2	NaN	True	NaN	NaN	NaN	Low
NDUFS1	NaN	NaN	True	NaN	NaN	Low
NECAB2	NaN	True	NaN	NaN	NaN	Low
NEDD9	NaN	True	NaN	NaN	NaN	Low
NEK1	NaN	NaN	True	NaN	NaN	Low
NEK6	NaN	NaN	True	NaN	NaN	Low
NELL2	NaN	True	NaN	NaN	NaN	Low
NET1	NaN	True	NaN	NaN	NaN	Low
NF1P12	NaN	NaN	True	NaN	NaN	Low
NFAM1	NaN	True	NaN	NaN	NaN	Low
NFASC	NaN	NaN	True	NaN	NaN	Low
NFATC3	NaN	NaN	True	NaN	NaN	Low
NFE2L3	NaN	True	NaN	NaN	NaN	Low
NFIL3	True	True	NaN	True	NaN	High
NFKB1	NaN	NaN	True	NaN	NaN	Low
NFKB2	NaN	True	NaN	NaN	NaN	Low
NFU1P2	NaN	NaN	True	NaN	NaN	Low
NGFR	True	NaN	NaN	True	NaN	Medium
NINJ1	NaN	True	NaN	NaN	NaN	Low
NKX2-1	True	NaN	NaN	True	NaN	Medium
NKX2-2	NaN	NaN	NaN	NaN	True	High
NLGN1	True	NaN	NaN	True	NaN	Medium
NLRP12	NaN	True	NaN	NaN	NaN	Low
NMD3	NaN	NaN	True	NaN	NaN	Low
NMNAT2	NaN	NaN	True	NaN	NaN	Low
NMNAT3	NaN	True	NaN	NaN	NaN	Low
NMS	True	NaN	NaN	True	NaN	Medium
NMT2	NaN	True	NaN	NaN	NaN	Low
NMU	NaN	NaN	NaN	True	NaN	Low
NOCT	True	NaN	True	True	NaN	High
NOL4	NaN	NaN	True	NaN	NaN	Low
NOL4L	NaN	NaN	True	NaN	NaN	Low
NOL8	NaN	True	NaN	NaN	NaN	Low
NONO	True	NaN	NaN	NaN	NaN	Low
NOP58	NaN	True	NaN	NaN	NaN	Low
NOS2	True	NaN	NaN	True	NaN	Medium
NOSIP	NaN	True	NaN	NaN	NaN	Low
NOVA1	NaN	NaN	True	NaN	NaN	Low
NOVA2	NaN	NaN	True	NaN	NaN	Low
NPAS2	True	True	True	True	True	High
NPAS2-AS1	NaN	NaN	True	NaN	NaN	Low
NPC1	NaN	NaN	True	NaN	NaN	Low
NPL	NaN	NaN	True	NaN	NaN	Low
NPM1P22	NaN	NaN	True	NaN	NaN	Low
NPM1P46	NaN	NaN	True	NaN	NaN	Low
NPM1P48	NaN	NaN	True	NaN	NaN	Low
NPM3	NaN	True	NaN	NaN	NaN	Low
NPS	True	NaN	True	True	NaN	High
NPTXR	NaN	True	NaN	NaN	NaN	Low
NPY2R	True	NaN	NaN	True	NaN	Medium
NQO2	NaN	True	NaN	NaN	NaN	Low
NR0B2	NaN	NaN	NaN	True	NaN	Low
NR1D1	True	True	NaN	True	True	High
NR1D2	True	True	NaN	True	NaN	High
NR1H3	True	NaN	NaN	True	NaN	Medium
NR2C1	NaN	True	NaN	NaN	NaN	Low
NR2F6	True	NaN	NaN	True	NaN	Medium
NR3C1	NaN	NaN	True	NaN	True	High
NR3C2	NaN	True	NaN	NaN	NaN	Low
NR5A1	NaN	NaN	True	NaN	NaN	Low
NRBF2	NaN	True	NaN	NaN	NaN	Low
NRCAM	NaN	True	NaN	NaN	NaN	Low
NRG1	NaN	NaN	True	NaN	NaN	Low
NRG1-IT1	NaN	NaN	True	NaN	NaN	Low
NRIP1	True	NaN	NaN	True	NaN	Medium
NRN1	NaN	NaN	True	NaN	NaN	Low
NRTN	NaN	NaN	True	NaN	NaN	Low
NRXN1	NaN	NaN	True	NaN	NaN	Low
NRXN3	NaN	NaN	True	NaN	NaN	Low
NSA2	NaN	True	NaN	NaN	NaN	Low
NSFL1C	NaN	True	NaN	NaN	NaN	Low
NSG2	NaN	NaN	True	NaN	NaN	Low
NSUN7	NaN	True	NaN	NaN	NaN	Low
NT5C2	NaN	True	True	NaN	NaN	Medium
NT5DC1	NaN	True	NaN	NaN	NaN	Low
NT5E	NaN	True	NaN	NaN	NaN	Low
NTN1	NaN	NaN	NaN	NaN	True	High
NTNG2	NaN	True	NaN	NaN	NaN	Low
NTRK1	True	NaN	NaN	True	NaN	Medium
NTRK2	NaN	NaN	NaN	True	NaN	Low
NTRK3	True	NaN	NaN	True	NaN	Medium
NUCB1	NaN	True	NaN	NaN	NaN	Low
NUCB2	NaN	True	NaN	NaN	NaN	Low
NUCKS1	NaN	True	NaN	NaN	NaN	Low
NUDCD1	NaN	True	NaN	NaN	NaN	Low
NUP107	NaN	True	NaN	NaN	NaN	Low
NUP35	NaN	True	NaN	NaN	NaN	Low
NUP54	NaN	True	NaN	NaN	NaN	Low
NUP98	NaN	True	NaN	NaN	NaN	Low
NXF3	NaN	NaN	True	NaN	NaN	Low
NXF5	NaN	NaN	True	NaN	NaN	Low
NXPE2	NaN	NaN	True	NaN	NaN	Low
NXPH1	NaN	NaN	True	NaN	NaN	Low
NYNRIN	NaN	True	NaN	NaN	NaN	Low
OASL	NaN	True	NaN	NaN	NaN	Low
OAZ2	NaN	True	NaN	NaN	NaN	Low
OBI1-AS1	NaN	NaN	True	NaN	NaN	Low
OCIAD2	NaN	True	NaN	NaN	NaN	Low
OCRL	NaN	True	NaN	NaN	NaN	Low
OFCC1	NaN	NaN	True	NaN	NaN	Low
OFD1	NaN	True	NaN	NaN	NaN	Low
OGFRP1	NaN	NaN	True	NaN	NaN	Low
OGG1	NaN	True	NaN	NaN	NaN	Low
OGT	True	NaN	NaN	NaN	NaN	Low
OLFM2	NaN	NaN	True	NaN	NaN	Low
OPLAH	NaN	True	NaN	NaN	NaN	Low
OPN3	True	NaN	NaN	True	True	High
OPN4	True	NaN	NaN	True	True	High
OPN5	NaN	NaN	NaN	NaN	True	High
OPRL1	True	True	NaN	True	NaN	High
OR2J2	NaN	NaN	True	NaN	NaN	Low
OR2J4P	NaN	NaN	True	NaN	NaN	Low
OR7E111P	NaN	NaN	True	NaN	NaN	Low
OR9Q1	NaN	NaN	True	NaN	NaN	Low
ORAI2	NaN	NaN	True	NaN	NaN	Low
ORC5	NaN	NaN	True	NaN	NaN	Low
ORM1	NaN	True	NaN	NaN	NaN	Low
ORM2	NaN	True	NaN	NaN	NaN	Low
OSBPL10	NaN	True	NaN	NaN	NaN	Low
OSBPL1A	NaN	True	NaN	NaN	NaN	Low
OSGEPL1	NaN	True	NaN	NaN	NaN	Low
OSGIN1	NaN	True	NaN	NaN	NaN	Low
OSGIN2	NaN	True	NaN	NaN	NaN	Low
OSM	NaN	True	NaN	NaN	NaN	Low
OSTM1	NaN	True	NaN	NaN	NaN	Low
OTOR	NaN	True	NaN	NaN	NaN	Low
OTUD4	NaN	True	NaN	NaN	NaN	Low
OTX1	NaN	True	NaN	NaN	NaN	Low
OTX2	NaN	NaN	True	NaN	NaN	Low
OTX2-AS1	NaN	NaN	True	NaN	NaN	Low
OVAAL	NaN	NaN	True	NaN	NaN	Low
OXNAD1	NaN	True	NaN	NaN	NaN	Low
P2RX1	NaN	True	NaN	NaN	NaN	Low
P2RY1	NaN	NaN	True	NaN	NaN	Low
P2RY12	NaN	True	NaN	NaN	NaN	Low
P2RY13	NaN	True	NaN	NaN	NaN	Low
PABPC1	NaN	True	NaN	NaN	NaN	Low
PABPC1L	NaN	NaN	True	NaN	NaN	Low
PABPC1P2	NaN	NaN	True	NaN	NaN	Low
PACSIN1	NaN	True	NaN	NaN	NaN	Low
PACSIN2	NaN	True	NaN	NaN	NaN	Low
PADI2	NaN	True	NaN	NaN	NaN	Low
PADI3	NaN	True	NaN	NaN	NaN	Low
PAFAH1B1	NaN	NaN	True	NaN	NaN	Low
PAICS	NaN	True	NaN	NaN	NaN	Low
PAIP2B	NaN	True	NaN	NaN	NaN	Low
PAK1	NaN	True	NaN	NaN	NaN	Low
PAM	NaN	NaN	True	NaN	NaN	Low
PAQR7	NaN	True	NaN	NaN	NaN	Low
PARL	NaN	True	NaN	NaN	NaN	Low
PARP11	NaN	True	NaN	NaN	NaN	Low
PASD1	True	NaN	NaN	NaN	NaN	Low
PASK	NaN	True	NaN	NaN	NaN	Low
PATJ	NaN	NaN	True	NaN	NaN	Low
PAX4	True	NaN	NaN	True	NaN	Medium
PAX5	NaN	NaN	True	NaN	NaN	Low
PAX8	NaN	NaN	True	NaN	NaN	Low
PAX8-AS1	NaN	NaN	True	NaN	NaN	Low
PBX1	NaN	NaN	True	NaN	NaN	Low
PBX2P1	NaN	NaN	True	NaN	NaN	Low
PBX3	NaN	NaN	True	NaN	NaN	Low
PC	NaN	NaN	True	NaN	NaN	Low
PCCB	NaN	NaN	True	NaN	NaN	Low
PCDH15	NaN	NaN	True	NaN	NaN	Low
PCDH9	NaN	True	NaN	NaN	NaN	Low
PCDHGB1	NaN	True	NaN	NaN	NaN	Low
PCGF5	NaN	NaN	True	NaN	NaN	Low
PCM1	NaN	True	NaN	NaN	NaN	Low
PCSK2	NaN	NaN	True	NaN	NaN	Low
PCSK4	NaN	True	NaN	NaN	NaN	Low
PCYOX1	NaN	True	True	NaN	NaN	Medium
PCYOX1L	NaN	True	NaN	NaN	NaN	Low
PDCL2	NaN	True	NaN	NaN	NaN	Low
PDE10A	NaN	NaN	True	NaN	NaN	Low
PDE1C	NaN	NaN	True	NaN	NaN	Low
PDE4B	NaN	NaN	True	NaN	NaN	Low
PDE4D	NaN	NaN	True	NaN	NaN	Low
PDE6A	NaN	True	NaN	NaN	NaN	Low
PDE8B	NaN	NaN	True	NaN	NaN	Low
PDHB	NaN	True	NaN	NaN	NaN	Low
PDIA2	NaN	NaN	True	NaN	NaN	Low
PDK1	NaN	True	NaN	NaN	NaN	Low
PDK3	NaN	True	NaN	NaN	NaN	Low
PDLIM7	NaN	True	NaN	NaN	NaN	Low
PDPK1	NaN	True	NaN	NaN	NaN	Low
PDX1	NaN	True	NaN	NaN	NaN	Low
PDZD8	NaN	NaN	True	NaN	NaN	Low
PEBP1	NaN	True	NaN	NaN	NaN	Low
PELI2	NaN	True	NaN	NaN	NaN	Low
PEO1	NaN	True	NaN	NaN	NaN	Low
PER1	True	True	True	True	True	High
PER2	True	True	True	True	True	High
PER3	True	True	True	True	True	High
PEX7	NaN	True	NaN	NaN	NaN	Low
PFKFB3	NaN	True	NaN	NaN	NaN	Low
PFKFB4	NaN	True	True	NaN	NaN	Medium
PGLYRP1	NaN	True	NaN	NaN	NaN	Low
PGPEP1	NaN	NaN	True	NaN	NaN	Low
PGS1	NaN	True	NaN	NaN	NaN	Low
PHACTR1	NaN	NaN	True	NaN	NaN	Low
PHBP21	NaN	NaN	True	NaN	NaN	Low
PHC2	NaN	True	NaN	NaN	NaN	Low
PHF10	NaN	True	NaN	NaN	NaN	Low
PHF14	NaN	True	NaN	NaN	NaN	Low
PHF21A	NaN	True	NaN	NaN	NaN	Low
PHF5A	NaN	NaN	True	NaN	NaN	Low
PHGDH	NaN	True	NaN	NaN	NaN	Low
PHLDB2	NaN	True	NaN	NaN	NaN	Low
PHLPP1	True	NaN	NaN	True	NaN	Medium
PHOSPHO1	NaN	True	NaN	NaN	NaN	Low
PHOSPHO2	NaN	True	NaN	NaN	NaN	Low
PICALM	NaN	True	NaN	NaN	NaN	Low
PIGK	NaN	NaN	True	NaN	NaN	Low
PIGX	NaN	True	NaN	NaN	NaN	Low
PIK3IP1	NaN	True	NaN	NaN	NaN	Low
PILRA	NaN	True	NaN	NaN	NaN	Low
PIN1	NaN	NaN	True	NaN	NaN	Low
PITPNA	NaN	True	NaN	NaN	NaN	Low
PITPNC1	NaN	NaN	True	NaN	NaN	Low
PIWIL2	NaN	NaN	NaN	True	NaN	Low
PIWIL3	NaN	NaN	True	NaN	NaN	Low
PJA1	NaN	True	NaN	NaN	NaN	Low
PKM	NaN	NaN	True	NaN	NaN	Low
PKMP1	NaN	NaN	True	NaN	NaN	Low
PKNOX2	NaN	NaN	True	NaN	NaN	Low
PLAG1	NaN	True	NaN	NaN	NaN	Low
PLAGL1	NaN	True	NaN	NaN	NaN	Low
PLAUR	NaN	True	NaN	NaN	NaN	Low
PLCB2	NaN	True	NaN	NaN	NaN	Low
PLCB4	NaN	NaN	True	NaN	NaN	Low
PLCL1	NaN	NaN	True	NaN	NaN	Low
PLD2	NaN	NaN	True	NaN	NaN	Low
PLD4	NaN	True	NaN	NaN	NaN	Low
PLD6	NaN	True	NaN	NaN	NaN	Low
PLEK	NaN	True	NaN	NaN	NaN	Low
PLEKHB1	NaN	True	NaN	NaN	NaN	Low
PLEKHG3	NaN	True	NaN	NaN	NaN	Low
PLIN5	NaN	True	NaN	NaN	NaN	Low
PLLP	NaN	NaN	True	NaN	NaN	Low
PLOD1	NaN	True	NaN	NaN	NaN	Low
PLPPR5	NaN	NaN	True	NaN	NaN	Low
PLSCR1	NaN	True	NaN	NaN	NaN	Low
PLXDC2	NaN	True	NaN	NaN	NaN	Low
PLXNA4	NaN	NaN	True	NaN	NaN	Low
PMEPA1	NaN	True	NaN	NaN	NaN	Low
PMFBP1	NaN	NaN	True	NaN	NaN	Low
PML	True	NaN	NaN	True	NaN	Medium
PMPCA	NaN	NaN	True	NaN	NaN	Low
PMS2	NaN	True	NaN	NaN	NaN	Low
PNMA8A	NaN	NaN	True	NaN	NaN	Low
PNMA8C	NaN	NaN	True	NaN	NaN	Low
PNPLA6	NaN	True	NaN	NaN	NaN	Low
PNPT1	NaN	True	NaN	NaN	NaN	Low
PNRC1	NaN	NaN	True	NaN	NaN	Low
POLG2	NaN	True	NaN	NaN	NaN	Low
POLR1E	NaN	True	NaN	NaN	NaN	Low
POLR2J	NaN	NaN	True	NaN	NaN	Low
POLR2J3	NaN	NaN	True	NaN	NaN	Low
POLR2K	NaN	True	NaN	NaN	NaN	Low
POLR3KP1	NaN	NaN	True	NaN	NaN	Low
POP5	NaN	NaN	True	NaN	NaN	Low
POU2AF1	NaN	True	NaN	NaN	NaN	Low
POU2F2	NaN	NaN	True	NaN	NaN	Low
PPA2	NaN	True	NaN	NaN	NaN	Low
PPARA	True	NaN	NaN	True	NaN	Medium
PPARG	True	NaN	NaN	True	NaN	Medium
PPARGC1A	True	NaN	NaN	True	NaN	Medium
PPARGC1B	NaN	True	NaN	NaN	NaN	Low
PPIG	NaN	True	NaN	NaN	NaN	Low
PPIL1	NaN	True	NaN	NaN	NaN	Low
PPIL4	NaN	True	NaN	NaN	NaN	Low
PPM1F	NaN	True	NaN	NaN	NaN	Low
PPM1K	NaN	True	NaN	NaN	NaN	Low
PPM1L	NaN	NaN	True	NaN	NaN	Low
PPP1CA	True	NaN	NaN	True	NaN	Medium
PPP1CB	True	NaN	NaN	True	NaN	Medium
PPP1CC	True	NaN	NaN	True	NaN	Medium
PPP1R12B	NaN	True	NaN	NaN	NaN	Low
PPP1R15A	NaN	True	NaN	NaN	NaN	Low
PPP1R2	NaN	True	NaN	NaN	NaN	Low
PPP1R3B	NaN	True	NaN	NaN	NaN	Low
PPP2R2B	NaN	NaN	True	NaN	NaN	Low
PPP2R2D	NaN	NaN	True	NaN	NaN	Low
PPP2R3A	NaN	NaN	True	NaN	NaN	Low
PPP2R5A	NaN	True	NaN	NaN	NaN	Low
PPP2R5B	NaN	True	NaN	NaN	NaN	Low
PPP3CA	NaN	NaN	True	NaN	NaN	Low
PPP4R1	NaN	True	NaN	NaN	NaN	Low
PPP5D1	NaN	NaN	True	NaN	NaN	Low
PPT2	NaN	True	NaN	NaN	NaN	Low
PQLC1	NaN	True	NaN	NaN	NaN	Low
PRAG1	NaN	NaN	True	NaN	NaN	Low
PRC1	NaN	NaN	True	NaN	NaN	Low
PREPL	NaN	True	True	NaN	NaN	Medium
PRF1	True	True	NaN	NaN	NaN	Medium
PRIMA1	NaN	NaN	True	NaN	NaN	Low
PRKAA1	True	NaN	NaN	True	NaN	Medium
PRKAA2	True	NaN	NaN	True	NaN	Medium
PRKAG1	NaN	True	NaN	NaN	NaN	Low
PRKAR1A	NaN	True	NaN	NaN	NaN	Low
PRKCA	NaN	True	NaN	NaN	NaN	Low
PRKCB	NaN	NaN	True	NaN	NaN	Low
PRKCD	NaN	NaN	True	NaN	NaN	Low
PRKCG	True	NaN	NaN	True	NaN	Medium
PRKDC	True	NaN	NaN	True	NaN	Medium
PRKG2	True	NaN	True	NaN	NaN	Medium
PRKRIP1	NaN	NaN	True	NaN	NaN	Low
PRLR	NaN	NaN	True	NaN	NaN	Low
PRMT5	True	NaN	NaN	True	NaN	Medium
PROK1	True	NaN	NaN	True	NaN	Medium
PROK2	True	True	NaN	True	NaN	High
PROKR2	True	NaN	NaN	True	NaN	Medium
PROX1	True	NaN	NaN	True	NaN	Medium
PRPF3	NaN	NaN	True	NaN	NaN	Low
PRPF4B	NaN	NaN	True	NaN	NaN	Low
PRPS2	NaN	True	NaN	NaN	NaN	Low
PRR13	NaN	True	NaN	NaN	NaN	Low
PRR4	NaN	True	NaN	NaN	NaN	Low
PRR7	NaN	NaN	True	NaN	NaN	Low
PRR7-AS1	NaN	NaN	True	NaN	NaN	Low
PRRG4	NaN	True	NaN	NaN	NaN	Low
PSAT1	NaN	True	NaN	NaN	NaN	Low
PSD4	NaN	True	NaN	NaN	NaN	Low
PSMA3	NaN	True	NaN	NaN	NaN	Low
PSMC1P5	NaN	NaN	True	NaN	NaN	Low
PSMC2	NaN	NaN	True	NaN	NaN	Low
PSMD3	NaN	NaN	True	NaN	NaN	Low
PSMD8	NaN	True	NaN	NaN	NaN	Low
PSPC1	True	NaN	NaN	True	NaN	Medium
PSTPIP2	NaN	True	NaN	NaN	NaN	Low
PTEN	True	NaN	NaN	True	NaN	Medium
PTGDS	True	NaN	NaN	True	NaN	Medium
PTGS2	NaN	True	NaN	NaN	NaN	Low
PTMA	NaN	True	NaN	NaN	NaN	Low
PTP4A2	NaN	True	NaN	NaN	NaN	Low
PTPRD	NaN	NaN	True	NaN	NaN	Low
PTPRG	NaN	NaN	True	NaN	NaN	Low
PTPRJ	NaN	True	True	NaN	NaN	Medium
PTPRM	NaN	True	True	NaN	NaN	Medium
PUM1	NaN	NaN	True	NaN	NaN	Low
PYCR1	NaN	True	NaN	NaN	NaN	Low
PYGL	NaN	True	NaN	NaN	NaN	Low
PYGM	NaN	True	NaN	NaN	NaN	Low
QARS1	NaN	NaN	True	NaN	NaN	Low
QKI	NaN	True	NaN	NaN	NaN	Low
QPCT	NaN	True	NaN	NaN	NaN	Low
R3HDM1	NaN	NaN	True	NaN	NaN	Low
R3HDM2	NaN	NaN	True	NaN	NaN	Low
RAB11FIP1	NaN	True	NaN	NaN	NaN	Low
RAB11FIP2	NaN	True	NaN	NaN	NaN	Low
RAB19	NaN	True	NaN	NaN	NaN	Low
RAB20	NaN	True	NaN	NaN	NaN	Low
RAB24	NaN	True	NaN	NaN	NaN	Low
RAB3C	NaN	True	NaN	NaN	NaN	Low
RAB3D	NaN	True	NaN	NaN	NaN	Low
RAB5C	NaN	True	NaN	NaN	NaN	Low
RABGAP1L	NaN	True	True	NaN	NaN	Medium
RABL2B	NaN	True	NaN	NaN	NaN	Low
RABL3	NaN	True	NaN	NaN	NaN	Low
RAC3	NaN	True	NaN	NaN	NaN	Low
RAD18	NaN	NaN	True	NaN	NaN	Low
RAI1	True	NaN	NaN	True	NaN	Medium
RALA	NaN	True	NaN	NaN	NaN	Low
RALB	NaN	True	NaN	NaN	NaN	Low
RALBP1	NaN	True	NaN	NaN	NaN	Low
RALGAPA1	NaN	True	NaN	NaN	NaN	Low
RALGAPA2	NaN	True	NaN	NaN	NaN	Low
RAMP1	NaN	True	NaN	NaN	NaN	Low
RAPGEF5	NaN	NaN	True	NaN	NaN	Low
RAPGEF6	NaN	True	NaN	NaN	NaN	Low
RARA	NaN	True	NaN	NaN	NaN	Low
RARS	NaN	True	NaN	NaN	NaN	Low
RASA1	NaN	NaN	True	NaN	NaN	Low
RASA4B	NaN	NaN	True	NaN	NaN	Low
RASD1	NaN	NaN	True	NaN	NaN	Low
RASEF	NaN	NaN	True	NaN	NaN	Low
RASGEF1B	NaN	NaN	True	NaN	NaN	Low
RASGRP1	NaN	True	NaN	NaN	NaN	Low
RASGRP3	NaN	True	NaN	NaN	NaN	Low
RBBP6	NaN	NaN	True	NaN	NaN	Low
RBFOX1	NaN	NaN	True	NaN	NaN	Low
RBM17	NaN	True	NaN	NaN	NaN	Low
RBM19	NaN	True	True	NaN	NaN	Medium
RBM4	True	True	NaN	True	NaN	High
RBM43	NaN	True	NaN	NaN	NaN	Low
RBM45	NaN	True	NaN	NaN	NaN	Low
RBM4B	True	NaN	NaN	True	NaN	Medium
RBM5	NaN	NaN	True	NaN	NaN	Low
RBM6	NaN	NaN	True	NaN	NaN	Low
RCAN3	NaN	True	NaN	NaN	NaN	Low
RCCD1	NaN	NaN	True	NaN	NaN	Low
RCL1	NaN	True	NaN	NaN	NaN	Low
RCN3	NaN	True	NaN	NaN	NaN	Low
REEP1	NaN	NaN	True	NaN	NaN	Low
RELB	True	NaN	NaN	True	NaN	Medium
RELN	NaN	NaN	True	NaN	NaN	Low
RELT	NaN	True	NaN	NaN	NaN	Low
REPS1	NaN	True	NaN	NaN	NaN	Low
REPS2	NaN	True	NaN	NaN	NaN	Low
RERE	NaN	True	True	NaN	NaN	Medium
RFFL	NaN	True	NaN	NaN	NaN	Low
RFTN2	NaN	NaN	True	NaN	NaN	Low
RFX2	NaN	True	NaN	NaN	NaN	Low
RFX4	NaN	NaN	True	NaN	NaN	Low
RGL1	NaN	NaN	True	NaN	NaN	Low
RGL3	NaN	True	NaN	NaN	NaN	Low
RGMB	NaN	True	NaN	NaN	NaN	Low
RGPD8	NaN	True	NaN	NaN	NaN	Low
RGS14	NaN	True	NaN	NaN	NaN	Low
RGS16	NaN	NaN	True	NaN	NaN	Low
RGS17	NaN	NaN	True	NaN	NaN	Low
RGS7	NaN	NaN	True	NaN	NaN	Low
RGS7BP	NaN	NaN	True	NaN	NaN	Low
RGSL1	NaN	NaN	True	NaN	NaN	Low
RHBDL3	NaN	NaN	True	NaN	NaN	Low
RHCG	NaN	True	NaN	NaN	NaN	Low
RHO	NaN	NaN	NaN	NaN	True	High
RHOA	NaN	NaN	True	NaN	NaN	Low
RHOB	NaN	True	NaN	NaN	NaN	Low
RHOBTB1	NaN	True	NaN	NaN	NaN	Low
RHOG	NaN	True	NaN	NaN	NaN	Low
RHOH	NaN	True	NaN	NaN	NaN	Low
RIC3	NaN	True	NaN	NaN	NaN	Low
RIF1	NaN	True	NaN	NaN	NaN	Low
RIMKLA	NaN	True	NaN	NaN	NaN	Low
RIMS1	NaN	NaN	True	NaN	NaN	Low
RMND5A	NaN	True	NaN	NaN	NaN	Low
RN7SKP181	NaN	NaN	True	NaN	NaN	Low
RN7SKP182	NaN	NaN	True	NaN	NaN	Low
RN7SL336P	NaN	NaN	True	NaN	NaN	Low
RN7SL401P	NaN	NaN	True	NaN	NaN	Low
RN7SL480P	NaN	NaN	True	NaN	NaN	Low
RN7SL513P	NaN	NaN	True	NaN	NaN	Low
RN7SL685P	NaN	NaN	True	NaN	NaN	Low
RN7SL714P	NaN	NaN	True	NaN	NaN	Low
RN7SL831P	NaN	NaN	True	NaN	NaN	Low
RN7SL91P	NaN	NaN	True	NaN	NaN	Low
RNA5SP142	NaN	NaN	True	NaN	NaN	Low
RNA5SP199	NaN	NaN	True	NaN	NaN	Low
RNA5SP228	NaN	NaN	True	NaN	NaN	Low
RNA5SP286	NaN	NaN	True	NaN	NaN	Low
RNASE6	NaN	True	NaN	NaN	NaN	Low
RNASEL	NaN	NaN	True	NaN	NaN	Low
RNF10	NaN	NaN	True	NaN	NaN	Low
RNF123	NaN	True	True	NaN	NaN	Medium
RNF157	NaN	True	True	NaN	NaN	Medium
RNF166	NaN	True	NaN	NaN	NaN	Low
RNF19B	NaN	True	NaN	NaN	NaN	Low
RNF213	NaN	True	NaN	NaN	NaN	Low
RNF24	NaN	True	NaN	NaN	NaN	Low
RNFT2	NaN	True	NaN	NaN	NaN	Low
RNU1-131P	NaN	NaN	True	NaN	NaN	Low
RNU1-45P	NaN	NaN	True	NaN	NaN	Low
RNU2-17P	NaN	NaN	True	NaN	NaN	Low
RNU2-9P	NaN	NaN	True	NaN	NaN	Low
RNU4-43P	NaN	NaN	True	NaN	NaN	Low
RNU4-66P	NaN	NaN	True	NaN	NaN	Low
RNU5A-2P	NaN	NaN	True	NaN	NaN	Low
RNU6-1023P	NaN	NaN	True	NaN	NaN	Low
RNU6-1029P	NaN	NaN	True	NaN	NaN	Low
RNU6-1037P	NaN	NaN	True	NaN	NaN	Low
RNU6-152P	NaN	NaN	True	NaN	NaN	Low
RNU6-210P	NaN	NaN	True	NaN	NaN	Low
RNU6-234P	NaN	NaN	True	NaN	NaN	Low
RNU6-234P;TRAF3IP1	NaN	NaN	True	NaN	NaN	Low
RNU6-400P	NaN	NaN	True	NaN	NaN	Low
RNU6-450P	NaN	NaN	True	NaN	NaN	Low
RNU6-472P	NaN	NaN	True	NaN	NaN	Low
RNU6-523P	NaN	NaN	True	NaN	NaN	Low
RNU6-566P	NaN	NaN	True	NaN	NaN	Low
RNU6-706P	NaN	NaN	True	NaN	NaN	Low
RNU6-976P	NaN	NaN	True	NaN	NaN	Low
RNU6ATAC15P	NaN	NaN	True	NaN	NaN	Low
RNU6ATAC28P	NaN	NaN	True	NaN	NaN	Low
ROBO2	NaN	NaN	True	NaN	NaN	Low
ROBO3	NaN	True	NaN	NaN	NaN	Low
ROCK2	True	True	NaN	True	NaN	High
ROPN1	NaN	True	NaN	NaN	NaN	Low
RORA	True	True	NaN	True	True	High
RORB	True	NaN	NaN	True	NaN	Medium
RORC	True	NaN	NaN	True	NaN	Medium
RP13-360B22.2	NaN	True	NaN	NaN	NaN	Low
RP9	NaN	True	NaN	NaN	NaN	Low
RP9P	NaN	NaN	True	NaN	NaN	Low
RPA3	NaN	True	NaN	NaN	NaN	Low
RPE65	NaN	NaN	NaN	True	NaN	Low
RPL11P5	NaN	NaN	True	NaN	NaN	Low
RPL12P30	NaN	NaN	True	NaN	NaN	Low
RPL12P8	NaN	NaN	True	NaN	NaN	Low
RPL14	NaN	True	NaN	NaN	NaN	Low
RPL21	NaN	True	NaN	NaN	NaN	Low
RPL21P17	NaN	NaN	True	NaN	NaN	Low
RPL22	NaN	True	NaN	NaN	NaN	Low
RPL23AP56	NaN	NaN	True	NaN	NaN	Low
RPL24P7	NaN	NaN	True	NaN	NaN	Low
RPL26P31	NaN	NaN	True	NaN	NaN	Low
RPL3	NaN	True	NaN	NaN	NaN	Low
RPL30P3	NaN	NaN	True	NaN	NaN	Low
RPL35AP21	NaN	NaN	True	NaN	NaN	Low
RPL6P21	NaN	NaN	True	NaN	NaN	Low
RPL7AP61	NaN	NaN	True	NaN	NaN	Low
RPL7P10	NaN	NaN	True	NaN	NaN	Low
RPL7P13	NaN	NaN	True	NaN	NaN	Low
RPRD2	NaN	NaN	True	NaN	NaN	Low
RPS10P21	NaN	NaN	True	NaN	NaN	Low
RPS17P5	NaN	NaN	True	NaN	NaN	Low
RPS19P6	NaN	NaN	True	NaN	NaN	Low
RPS23	NaN	True	NaN	NaN	NaN	Low
RPS25	NaN	True	NaN	NaN	NaN	Low
RPS26P39	NaN	NaN	True	NaN	NaN	Low
RPS27A	True	NaN	NaN	NaN	NaN	Low
RPS29P8	NaN	NaN	True	NaN	NaN	Low
RPS5	NaN	True	NaN	NaN	NaN	Low
RPS6KA4	NaN	True	NaN	NaN	NaN	Low
RPS6KA6	NaN	NaN	True	NaN	NaN	Low
RPSAP29	NaN	NaN	True	NaN	NaN	Low
RPSAP59	NaN	NaN	True	NaN	NaN	Low
RRN3	NaN	True	NaN	NaN	NaN	Low
RRP15	NaN	True	NaN	NaN	NaN	Low
RRS1	NaN	True	NaN	NaN	NaN	Low
RSAD2	NaN	True	NaN	NaN	NaN	Low
RSL24D1P5	NaN	NaN	True	NaN	NaN	Low
RTKN2	NaN	True	NaN	NaN	NaN	Low
RTN1	NaN	NaN	True	NaN	NaN	Low
RTN2	NaN	True	NaN	NaN	NaN	Low
RTN3	NaN	True	NaN	NaN	NaN	Low
RTN4IP1	NaN	True	NaN	NaN	NaN	Low
RUFY2	NaN	True	NaN	NaN	NaN	Low
RUNX2	NaN	True	NaN	NaN	NaN	Low
RXRA	NaN	True	NaN	NaN	NaN	Low
S100A11	NaN	True	NaN	NaN	NaN	Low
S100PBP	NaN	True	NaN	NaN	NaN	Low
SALL2	NaN	True	NaN	NaN	NaN	Low
SAMD5	NaN	NaN	True	NaN	NaN	Low
SAMMSON	NaN	NaN	True	NaN	NaN	Low
SARNP	NaN	True	NaN	NaN	NaN	Low
SBDS	NaN	True	NaN	NaN	NaN	Low
SBNO1	NaN	True	NaN	NaN	NaN	Low
SCML1	NaN	True	NaN	NaN	NaN	Low
SCML4	NaN	True	NaN	NaN	NaN	Low
SCN1A	NaN	NaN	True	NaN	NaN	Low
SCN1A-AS1	NaN	NaN	True	NaN	NaN	Low
SCN8A	NaN	NaN	True	NaN	NaN	Low
SCRN2	NaN	True	NaN	NaN	NaN	Low
SDAD1	NaN	True	NaN	NaN	NaN	Low
SDCCAG8	NaN	True	NaN	NaN	NaN	Low
SDK2	NaN	True	NaN	NaN	NaN	Low
SEC11C	NaN	NaN	True	NaN	NaN	Low
SEC23IP	NaN	True	NaN	NaN	NaN	Low
SEC62	NaN	True	NaN	NaN	NaN	Low
SEC63	NaN	True	NaN	NaN	NaN	Low
SECTM1	NaN	True	NaN	NaN	NaN	Low
SEH1L	NaN	True	NaN	NaN	NaN	Low
SEM1	NaN	NaN	True	NaN	NaN	Low
SEMA3B	NaN	True	NaN	NaN	NaN	Low
SEMA3F-AS1	NaN	NaN	True	NaN	NaN	Low
SEMA4D	NaN	True	NaN	NaN	NaN	Low
SEMA6A	NaN	NaN	True	NaN	NaN	Low
SEMA6A-AS2	NaN	NaN	True	NaN	NaN	Low
SEMA6D	NaN	NaN	True	NaN	NaN	Low
SEPHS1	NaN	True	NaN	NaN	NaN	Low
SEPT4	NaN	True	NaN	NaN	NaN	Low
SEPT6	NaN	True	NaN	NaN	NaN	Low
SERPINE1	True	True	NaN	True	NaN	High
SERPING1	NaN	True	NaN	NaN	NaN	Low
SESN2	NaN	True	NaN	NaN	NaN	Low
SETX	True	NaN	NaN	True	NaN	Medium
SFMBT1	NaN	NaN	True	NaN	NaN	Low
SFPQ	True	NaN	NaN	True	NaN	Medium
SFTPC	True	NaN	NaN	NaN	NaN	Low
SFXN2	NaN	True	NaN	NaN	NaN	Low
SGCD	NaN	NaN	True	NaN	NaN	Low
SGCZ	NaN	NaN	True	NaN	NaN	Low
SGIP1	NaN	NaN	True	NaN	NaN	Low
SGPL1	NaN	True	NaN	NaN	NaN	Low
SH2B2	NaN	True	NaN	NaN	NaN	Low
SH2D1B	NaN	True	NaN	NaN	NaN	Low
SH3BP1	NaN	True	NaN	NaN	NaN	Low
SH3BP2	NaN	True	True	NaN	NaN	Medium
SH3PXD2A	NaN	True	NaN	NaN	NaN	Low
SH3RF1	NaN	NaN	True	NaN	NaN	Low
SH3TC2	NaN	True	NaN	NaN	NaN	Low
SH3YL1	NaN	True	NaN	NaN	NaN	Low
SHB	NaN	NaN	True	NaN	NaN	Low
SHCBP1L	NaN	NaN	True	NaN	NaN	Low
SHFM1	NaN	True	NaN	NaN	NaN	Low
SHISA5	NaN	True	NaN	NaN	NaN	Low
SHISA6	NaN	NaN	True	NaN	NaN	Low
SHKBP1	NaN	True	NaN	NaN	NaN	Low
SHMT1	NaN	True	NaN	NaN	NaN	Low
SHPRH	NaN	True	NaN	NaN	NaN	Low
SHROOM1	NaN	True	NaN	NaN	NaN	Low
SIAH2	NaN	NaN	NaN	True	NaN	Low
SIGLEC5	NaN	True	NaN	NaN	NaN	Low
SIGLEC9	NaN	True	NaN	NaN	NaN	Low
SIK1	True	NaN	NaN	True	NaN	Medium
SIK3	NaN	True	NaN	NaN	NaN	Low
SIN3A	True	NaN	NaN	True	NaN	Medium
SIN3B	NaN	True	NaN	NaN	NaN	Low
SIPA1L1	NaN	True	NaN	NaN	NaN	Low
SIRPB2	NaN	True	NaN	NaN	NaN	Low
SIRPD	NaN	True	NaN	NaN	NaN	Low
SIRT1	True	True	NaN	True	NaN	High
SIRT2	NaN	True	NaN	NaN	NaN	Low
SIRT3	NaN	True	NaN	NaN	NaN	Low
SIRT6	NaN	True	NaN	NaN	NaN	Low
SIX3	True	NaN	NaN	True	NaN	Medium
SKAP1	NaN	NaN	True	NaN	NaN	Low
SKOR2	NaN	NaN	True	NaN	NaN	Low
SKP1	True	NaN	NaN	NaN	NaN	Low
SLA	NaN	True	NaN	NaN	NaN	Low
SLC10A7	NaN	NaN	True	NaN	NaN	Low
SLC11A1	NaN	True	NaN	NaN	NaN	Low
SLC12A5	NaN	NaN	True	NaN	NaN	Low
SLC12A6	NaN	True	NaN	NaN	NaN	Low
SLC12A9	NaN	True	NaN	NaN	NaN	Low
SLC15A3	NaN	True	NaN	NaN	NaN	Low
SLC15A5	NaN	NaN	True	NaN	NaN	Low
SLC16A2	NaN	True	NaN	NaN	NaN	Low
SLC19A1	NaN	True	NaN	NaN	NaN	Low
SLC20A2	NaN	True	NaN	NaN	NaN	Low
SLC22A15	NaN	True	NaN	NaN	NaN	Low
SLC22A23	NaN	True	NaN	NaN	NaN	Low
SLC22A4	NaN	True	NaN	NaN	NaN	Low
SLC24A3	NaN	NaN	True	NaN	NaN	Low
SLC25A17	NaN	NaN	True	NaN	NaN	Low
SLC25A33	NaN	True	NaN	NaN	NaN	Low
SLC25A37	NaN	True	NaN	NaN	NaN	Low
SLC26A5	NaN	NaN	True	NaN	NaN	Low
SLC27A3	NaN	NaN	True	NaN	NaN	Low
SLC29A3	NaN	NaN	True	NaN	NaN	Low
SLC2A14	NaN	True	NaN	NaN	NaN	Low
SLC2A4	NaN	True	NaN	NaN	NaN	Low
SLC2A9	NaN	NaN	True	NaN	NaN	Low
SLC31A2	NaN	True	NaN	NaN	NaN	Low
SLC35E1	NaN	True	NaN	NaN	NaN	Low
SLC35F4	NaN	NaN	True	NaN	NaN	Low
SLC36A4	NaN	NaN	True	NaN	NaN	Low
SLC37A3	NaN	True	NaN	NaN	NaN	Low
SLC38A1	NaN	NaN	True	NaN	NaN	Low
SLC38A3	NaN	True	NaN	NaN	NaN	Low
SLC39A8	NaN	NaN	True	NaN	NaN	Low
SLC43A1	NaN	True	NaN	NaN	NaN	Low
SLC44A2	NaN	NaN	True	NaN	NaN	Low
SLC44A4	NaN	NaN	True	NaN	NaN	Low
SLC45A4	NaN	True	NaN	NaN	NaN	Low
SLC4A2	NaN	True	NaN	NaN	NaN	Low
SLC5A12	NaN	True	NaN	NaN	NaN	Low
SLC6A12	NaN	True	NaN	NaN	NaN	Low
SLC6A13	NaN	NaN	True	NaN	NaN	Low
SLC6A2	NaN	NaN	NaN	NaN	True	High
SLC6A3	NaN	NaN	True	NaN	NaN	Low
SLC6A4	True	NaN	NaN	True	True	High
SLC6A6	NaN	True	NaN	NaN	NaN	Low
SLC7A1	NaN	True	NaN	NaN	NaN	Low
SLC8A1	NaN	NaN	True	NaN	NaN	Low
SLC8A1-AS1	NaN	NaN	True	NaN	NaN	Low
SLC8A3	NaN	True	NaN	NaN	NaN	Low
SLC9A3	True	NaN	NaN	NaN	NaN	Low
SLC9A9	NaN	NaN	True	NaN	NaN	Low
SMAD5	NaN	NaN	True	NaN	NaN	Low
SMAP	NaN	True	NaN	NaN	NaN	Low
SMAP2	NaN	True	NaN	NaN	NaN	Low
SMARCB1	NaN	True	NaN	NaN	NaN	Low
SMARCE1	NaN	True	NaN	NaN	NaN	Low
SMC1B	NaN	NaN	True	NaN	NaN	Low
SMIM40	NaN	NaN	True	NaN	NaN	Low
SMYD1	NaN	NaN	True	NaN	NaN	Low
SNN	NaN	True	NaN	NaN	NaN	Low
SNORD3G	NaN	NaN	True	NaN	NaN	Low
SNRNP27	NaN	NaN	True	NaN	NaN	Low
SNRPF	NaN	True	NaN	NaN	NaN	Low
SNX10	NaN	True	NaN	NaN	NaN	Low
SNX29	NaN	True	NaN	NaN	NaN	Low
SOAT1	NaN	NaN	True	NaN	NaN	Low
SOCS3	NaN	True	NaN	NaN	NaN	Low
SOD2	NaN	True	NaN	NaN	NaN	Low
SON	NaN	True	NaN	NaN	NaN	Low
SOX14	True	NaN	NaN	True	NaN	Medium
SOX15	NaN	True	NaN	NaN	NaN	Low
SOX2-OT	NaN	NaN	True	NaN	NaN	Low
SOX5	NaN	NaN	True	NaN	NaN	Low
SOX6	NaN	NaN	True	NaN	NaN	Low
SP1	NaN	True	NaN	NaN	NaN	Low
SP2	NaN	True	NaN	NaN	NaN	Low
SPAG8	NaN	True	NaN	NaN	NaN	Low
SPAG9	NaN	True	NaN	NaN	NaN	Low
SPEG	NaN	True	NaN	NaN	NaN	Low
SPOCD1	NaN	True	NaN	NaN	NaN	Low
SPON1	NaN	True	NaN	NaN	NaN	Low
SPRYD4	NaN	True	NaN	NaN	NaN	Low
SPSB4	NaN	NaN	NaN	True	NaN	Low
SPTA1	NaN	NaN	True	NaN	NaN	Low
SPTSSB	NaN	NaN	True	NaN	NaN	Low
SPTY2D1	NaN	NaN	True	NaN	NaN	Low
SRD5A1	NaN	NaN	NaN	True	NaN	Low
SREBF1	True	True	NaN	True	NaN	High
SRGAP3	NaN	NaN	True	NaN	NaN	Low
SRPK2	NaN	True	NaN	NaN	NaN	Low
SRRD	NaN	NaN	NaN	True	NaN	Low
SRSF10	NaN	NaN	True	NaN	NaN	Low
SRSF1P1	NaN	NaN	True	NaN	NaN	Low
SRSF3P1	NaN	NaN	True	NaN	NaN	Low
SSB	NaN	True	NaN	NaN	NaN	Low
SSR3	NaN	NaN	True	NaN	NaN	Low
ST13P5	NaN	True	NaN	NaN	NaN	Low
ST18	NaN	NaN	True	NaN	NaN	Low
ST3GAL4	NaN	True	NaN	NaN	NaN	Low
ST6GAL1	NaN	True	NaN	NaN	NaN	Low
ST6GALNAC1	NaN	True	NaN	NaN	NaN	Low
ST6GALNAC2	NaN	True	NaN	NaN	NaN	Low
STAP2	NaN	True	NaN	NaN	NaN	Low
STAR	True	NaN	NaN	True	NaN	Medium
STARD10	NaN	True	NaN	NaN	NaN	Low
STAT3	NaN	True	NaN	NaN	NaN	Low
STEAP1B	NaN	NaN	True	NaN	NaN	Low
STMN3	NaN	True	NaN	NaN	NaN	Low
STON1	NaN	NaN	True	NaN	NaN	Low
STON1-GTF2A1L	NaN	NaN	True	NaN	NaN	Low
STON2	NaN	NaN	True	NaN	NaN	Low
STUM	NaN	NaN	True	NaN	NaN	Low
STX11	NaN	True	NaN	NaN	NaN	Low
STX3	NaN	True	NaN	NaN	NaN	Low
STXBP2	NaN	True	NaN	NaN	NaN	Low
STXBP5	NaN	True	NaN	NaN	NaN	Low
SULF1	NaN	NaN	True	NaN	NaN	Low
SULT1B1	NaN	True	NaN	NaN	NaN	Low
SUSD3	NaN	True	NaN	NaN	NaN	Low
SUV39H1	True	NaN	NaN	NaN	NaN	Low
SUV39H2	True	True	NaN	True	NaN	High
SWAP70	NaN	True	NaN	NaN	NaN	Low
SYNCRIP	NaN	True	NaN	NaN	NaN	Low
SYNJ1	NaN	True	NaN	NaN	NaN	Low
SYNJ2BP	NaN	True	NaN	NaN	NaN	Low
SYT10	NaN	NaN	True	NaN	NaN	Low
SYT16	NaN	NaN	True	NaN	NaN	Low
SYT7	NaN	True	NaN	NaN	NaN	Low
SYTL3	NaN	True	NaN	NaN	NaN	Low
TAB1	NaN	NaN	True	NaN	NaN	Low
TACR1	NaN	NaN	True	NaN	NaN	Low
TAGLN2	NaN	True	NaN	NaN	NaN	Low
TANC2	NaN	NaN	True	NaN	NaN	Low
TARBP1	NaN	True	NaN	NaN	NaN	Low
TARDBP	NaN	NaN	NaN	True	NaN	Low
TARS2	NaN	NaN	True	NaN	NaN	Low
TAT-AS1	NaN	NaN	True	NaN	NaN	Low
TBC1D3B	NaN	True	NaN	NaN	NaN	Low
TBC1D5	NaN	NaN	True	NaN	NaN	Low
TBRG4	NaN	True	NaN	NaN	NaN	Low
TCEA2	NaN	True	NaN	NaN	NaN	Low
TCEAL5	NaN	True	NaN	NaN	NaN	Low
TCEAL6	NaN	True	NaN	NaN	NaN	Low
TCERG1	NaN	True	NaN	NaN	NaN	Low
TCF20	NaN	NaN	True	NaN	NaN	Low
TCF4	NaN	NaN	True	NaN	NaN	Low
TCF7	NaN	True	NaN	NaN	NaN	Low
TCL1B	NaN	True	NaN	NaN	NaN	Low
TCN2	NaN	True	NaN	NaN	NaN	Low
TCTN3	NaN	True	NaN	NaN	NaN	Low
TDRD12	NaN	True	NaN	NaN	NaN	Low
TECPR2	NaN	True	NaN	NaN	NaN	Low
TEF	NaN	True	NaN	NaN	NaN	Low
TENM2	NaN	NaN	True	NaN	NaN	Low
TENT5A	NaN	NaN	True	NaN	NaN	Low
TET1	NaN	NaN	True	NaN	NaN	Low
TEX10	NaN	True	NaN	NaN	NaN	Low
TEX14	NaN	NaN	True	NaN	NaN	Low
TEX29	NaN	NaN	True	NaN	NaN	Low
TFE3	NaN	True	NaN	NaN	NaN	Low
TFEB	NaN	True	NaN	NaN	NaN	Low
TFEC	NaN	NaN	True	NaN	NaN	Low
TFF2	NaN	True	NaN	NaN	NaN	Low
TGFB1	NaN	True	NaN	NaN	NaN	Low
TGFBR2	NaN	NaN	True	NaN	NaN	Low
TH	True	NaN	NaN	True	True	High
THBD	NaN	True	NaN	NaN	NaN	Low
THEM4	NaN	True	NaN	NaN	NaN	Low
THRA	NaN	True	NaN	NaN	NaN	Low
THRAP3	True	True	NaN	True	NaN	High
THSD1	NaN	True	NaN	NaN	NaN	Low
TIAM2	NaN	True	NaN	NaN	NaN	Low
TIGD3	NaN	True	NaN	NaN	NaN	Low
TIMELESS	True	NaN	NaN	True	NaN	Medium
TIMP3	NaN	True	NaN	NaN	NaN	Low
TIPARP-AS1	NaN	NaN	True	NaN	NaN	Low
TLE2	NaN	True	NaN	NaN	NaN	Low
TLE3	NaN	True	NaN	NaN	NaN	Low
TLE4	NaN	True	NaN	NaN	NaN	Low
TLR1	NaN	True	NaN	NaN	NaN	Low
TLR4	NaN	True	NaN	NaN	NaN	Low
TLR5	NaN	True	NaN	NaN	NaN	Low
TMC4	NaN	True	NaN	NaN	NaN	Low
TMCC2	NaN	True	NaN	NaN	NaN	Low
TMCO4	NaN	NaN	True	NaN	NaN	Low
TMEM108	NaN	NaN	True	NaN	NaN	Low
TMEM108-AS1	NaN	NaN	True	NaN	NaN	Low
TMEM116	NaN	True	NaN	NaN	NaN	Low
TMEM120A	NaN	True	NaN	NaN	NaN	Low
TMEM121	NaN	True	NaN	NaN	NaN	Low
TMEM127	NaN	True	NaN	NaN	NaN	Low
TMEM132B	NaN	NaN	True	NaN	NaN	Low
TMEM140	NaN	True	NaN	NaN	NaN	Low
TMEM144	NaN	NaN	True	NaN	NaN	Low
TMEM151A	NaN	NaN	True	NaN	NaN	Low
TMEM161B-AS1	NaN	NaN	True	NaN	NaN	Low
TMEM170B	NaN	NaN	True	NaN	NaN	Low
TMEM177	NaN	True	NaN	NaN	NaN	Low
TMEM196	NaN	NaN	True	NaN	NaN	Low
TMEM204	NaN	True	NaN	NaN	NaN	Low
TMEM209	NaN	True	NaN	NaN	NaN	Low
TMEM25	NaN	True	NaN	NaN	NaN	Low
TMEM26	NaN	NaN	True	NaN	NaN	Low
TMEM41B	NaN	True	NaN	NaN	NaN	Low
TMEM45B	NaN	True	NaN	NaN	NaN	Low
TMEM88	NaN	True	NaN	NaN	NaN	Low
TMEM8A	NaN	True	NaN	NaN	NaN	Low
TMPRSS5	NaN	NaN	True	NaN	NaN	Low
TMTC1	NaN	True	NaN	NaN	NaN	Low
TNFAIP6	NaN	True	NaN	NaN	NaN	Low
TNFRSF10C	NaN	True	NaN	NaN	NaN	Low
TNFRSF11A	True	NaN	NaN	True	NaN	Medium
TNFRSF1A	NaN	True	NaN	NaN	NaN	Low
TNFRSF9	NaN	True	NaN	NaN	NaN	Low
TNFSF10	NaN	True	NaN	NaN	NaN	Low
TNFSF14	NaN	True	NaN	NaN	NaN	Low
TNFSF4	NaN	True	NaN	NaN	NaN	Low
TNIK	NaN	NaN	True	NaN	NaN	Low
TNNT3	NaN	True	NaN	NaN	NaN	Low
TNRC6B	NaN	NaN	True	NaN	NaN	Low
TOM1	NaN	True	NaN	NaN	NaN	Low
TOMM20	NaN	True	NaN	NaN	NaN	Low
TOMM7	NaN	True	NaN	NaN	NaN	Low
TOP1	True	True	NaN	True	NaN	High
TOP2A	True	NaN	NaN	True	NaN	Medium
TOR1A	NaN	True	NaN	NaN	NaN	Low
TOX	NaN	NaN	True	NaN	NaN	Low
TP53	True	NaN	NaN	True	NaN	Medium
TP53I11	NaN	True	NaN	NaN	NaN	Low
TP53INP1	NaN	True	NaN	NaN	NaN	Low
TPCN1	NaN	True	NaN	NaN	NaN	Low
TPH1	True	NaN	NaN	True	True	High
TPH2	True	NaN	NaN	True	True	High
TPST1	NaN	True	NaN	NaN	NaN	Low
TPTEP2-CSNK1E	True	NaN	NaN	NaN	NaN	Low
TRA2B	NaN	True	NaN	NaN	NaN	Low
TRAF3IP1	NaN	NaN	True	NaN	NaN	Low
TRAF5	NaN	True	NaN	NaN	NaN	Low
TRANK1	NaN	True	NaN	NaN	NaN	Low
TRAT1	NaN	True	NaN	NaN	NaN	Low
TREM1	NaN	True	NaN	NaN	NaN	Low
TREML2	NaN	True	NaN	NaN	NaN	Low
TRIB1	NaN	True	NaN	NaN	NaN	Low
TRIB2	NaN	True	NaN	NaN	NaN	Low
TRIB3	NaN	True	NaN	NaN	NaN	Low
TRIM25	NaN	True	NaN	NaN	NaN	Low
TRIM3	NaN	True	NaN	NaN	NaN	Low
TRIM33	NaN	NaN	True	NaN	NaN	Low
TRIM35	NaN	NaN	True	NaN	NaN	Low
TRIM37	NaN	NaN	True	NaN	NaN	Low
TRIM62	NaN	True	NaN	NaN	NaN	Low
TRPC6	NaN	NaN	True	NaN	NaN	Low
TRPC7	NaN	NaN	True	NaN	NaN	Low
TRPS1	NaN	NaN	True	NaN	NaN	Low
TSC22D3	NaN	True	NaN	NaN	NaN	Low
TSC22D4	NaN	True	NaN	NaN	NaN	Low
TSEN2	NaN	True	NaN	NaN	NaN	Low
TSHB	NaN	True	NaN	NaN	NaN	Low
TSHZ1	NaN	True	True	NaN	NaN	Medium
TSHZ3	NaN	NaN	True	NaN	NaN	Low
TSPAN11	NaN	True	NaN	NaN	NaN	Low
TSPAN2	NaN	True	NaN	NaN	NaN	Low
TSPAN3	NaN	True	NaN	NaN	NaN	Low
TSPAN4	NaN	True	NaN	NaN	NaN	Low
TSPYL5	NaN	True	NaN	NaN	NaN	Low
TSR1	NaN	True	NaN	NaN	NaN	Low
TTC12	NaN	True	NaN	NaN	NaN	Low
TTC21A	NaN	True	NaN	NaN	NaN	Low
TTC28	NaN	NaN	True	NaN	NaN	Low
TTC29	NaN	NaN	True	NaN	NaN	Low
TTC3	NaN	True	NaN	NaN	NaN	Low
TTC39C	NaN	True	NaN	NaN	NaN	Low
TTC8	NaN	NaN	True	NaN	NaN	Low
TTLL5	NaN	True	NaN	NaN	NaN	Low
TUBA4A	NaN	True	NaN	NaN	NaN	Low
TUBB6	NaN	True	NaN	NaN	NaN	Low
TUBD1	NaN	NaN	True	NaN	NaN	Low
TULP4	NaN	True	NaN	NaN	NaN	Low
TWISTNB	NaN	True	NaN	NaN	NaN	Low
TXK	NaN	True	NaN	NaN	NaN	Low
TXNL4B	NaN	NaN	True	NaN	NaN	Low
TYMS	True	NaN	NaN	True	NaN	Medium
UBA2	NaN	True	NaN	NaN	NaN	Low
UBA52	True	NaN	NaN	NaN	NaN	Low
UBASH3A	NaN	True	NaN	NaN	NaN	Low
UBC	True	NaN	NaN	NaN	NaN	Low
UBE2B	NaN	True	True	NaN	NaN	Medium
UBE2C	NaN	True	NaN	NaN	NaN	Low
UBE2E2	NaN	NaN	True	NaN	NaN	Low
UBE2E2-AS1	NaN	NaN	True	NaN	NaN	Low
UBE3A	True	NaN	NaN	True	NaN	Medium
UBL5	NaN	NaN	True	NaN	NaN	Low
UBN1	NaN	True	NaN	NaN	NaN	Low
UBQLN2	NaN	True	NaN	NaN	NaN	Low
UBR2	NaN	True	NaN	NaN	NaN	Low
UBTD1	NaN	True	NaN	NaN	NaN	Low
UBXN2A	NaN	NaN	True	NaN	NaN	Low
UBXN2B	NaN	True	NaN	NaN	NaN	Low
UBXN4	NaN	NaN	True	NaN	NaN	Low
ULK1	NaN	True	NaN	NaN	NaN	Low
UNC5B	NaN	NaN	True	NaN	NaN	Low
UNC5D	NaN	NaN	True	NaN	NaN	Low
UPB1	NaN	True	NaN	NaN	NaN	Low
UPF3B	NaN	True	NaN	NaN	NaN	Low
UPP1	NaN	True	NaN	NaN	NaN	Low
UPP2	NaN	NaN	True	NaN	NaN	Low
URB1	NaN	True	NaN	NaN	NaN	Low
USP14	NaN	True	NaN	NaN	NaN	Low
USP2	True	NaN	NaN	True	NaN	Medium
USP31	NaN	NaN	True	NaN	NaN	Low
USP34	NaN	NaN	True	NaN	NaN	Low
USP4	NaN	True	NaN	NaN	NaN	Low
USP42	NaN	True	NaN	NaN	NaN	Low
USP49	NaN	NaN	True	NaN	NaN	Low
USP7	NaN	NaN	True	True	NaN	Medium
UTS2	True	NaN	NaN	NaN	NaN	Low
UTS2R	True	NaN	NaN	NaN	NaN	Low
UVSSA	NaN	NaN	True	NaN	NaN	Low
VAMP2	NaN	NaN	True	NaN	NaN	Low
VAMP3	NaN	NaN	True	NaN	NaN	Low
VAMP9P	NaN	NaN	True	NaN	NaN	Low
VEGFA	NaN	True	NaN	NaN	NaN	Low
VEZT	NaN	True	NaN	NaN	NaN	Low
VMO1	NaN	True	NaN	NaN	NaN	Low
VNN1	NaN	True	NaN	NaN	NaN	Low
VNN3	NaN	True	NaN	NaN	NaN	Low
VPS37B	NaN	True	NaN	NaN	NaN	Low
VRK2	NaN	NaN	True	NaN	NaN	Low
VSIG4	NaN	True	NaN	NaN	NaN	Low
VSX2	NaN	NaN	True	NaN	NaN	Low
VTA1	NaN	True	NaN	NaN	NaN	Low
VTI1A	NaN	NaN	True	NaN	NaN	Low
VWA8	NaN	NaN	True	NaN	NaN	Low
WAS	NaN	True	NaN	NaN	NaN	Low
WBP2P1	NaN	NaN	True	NaN	NaN	Low
WDCP	NaN	NaN	True	NaN	NaN	Low
WDFY3	NaN	True	NaN	NaN	NaN	Low
WDHD1	NaN	NaN	True	NaN	NaN	Low
WDR3	NaN	True	NaN	NaN	NaN	Low
WDR75	NaN	True	NaN	NaN	NaN	Low
WDR92	NaN	True	NaN	NaN	NaN	Low
WIPF2	NaN	True	NaN	NaN	NaN	Low
WIZ	NaN	True	NaN	NaN	NaN	Low
WNT10A	NaN	True	NaN	NaN	NaN	Low
WNT7B	NaN	True	NaN	NaN	NaN	Low
WRN	NaN	True	NaN	NaN	NaN	Low
WSCD2	NaN	NaN	True	NaN	NaN	Low
WWP1	NaN	True	NaN	NaN	NaN	Low
XAF1	NaN	True	NaN	NaN	NaN	Low
XKR6	NaN	NaN	True	NaN	NaN	Low
XPA	NaN	True	NaN	NaN	NaN	Low
XPR1	NaN	True	NaN	NaN	NaN	Low
YAF2	NaN	True	NaN	NaN	NaN	Low
YES1	NaN	True	NaN	NaN	NaN	Low
YIPF3	NaN	True	NaN	NaN	NaN	Low
YLPM1	NaN	True	NaN	NaN	NaN	Low
YTHDC1	NaN	True	NaN	NaN	NaN	Low
YTHDC2	NaN	True	NaN	NaN	NaN	Low
YWHAZ	NaN	NaN	True	NaN	NaN	Low
Z82170.1	NaN	NaN	True	NaN	NaN	Low
Z98884.1	NaN	NaN	True	NaN	NaN	Low
Z98884.2	NaN	NaN	True	NaN	NaN	Low
ZBED9	NaN	NaN	True	NaN	NaN	Low
ZBTB16	NaN	True	True	NaN	NaN	Medium
ZBTB34	NaN	True	NaN	NaN	NaN	Low
ZBTB37	NaN	NaN	True	NaN	NaN	Low
ZBTB7B	NaN	True	NaN	NaN	NaN	Low
ZC3H14	NaN	NaN	True	NaN	NaN	Low
ZC3H8	NaN	True	NaN	NaN	NaN	Low
ZC4H2	NaN	True	NaN	NaN	NaN	Low
ZCCHC11	NaN	True	NaN	NaN	NaN	Low
ZCCHC14	NaN	True	NaN	NaN	NaN	Low
ZCCHC17	NaN	True	NaN	NaN	NaN	Low
ZCCHC2	NaN	NaN	True	NaN	NaN	Low
ZCCHC4	NaN	True	NaN	NaN	NaN	Low
ZCCHC6	NaN	True	NaN	NaN	NaN	Low
ZCCHC7	NaN	True	True	NaN	NaN	Medium
ZCCHC8	NaN	NaN	True	NaN	NaN	Low
ZDBF2	NaN	True	NaN	NaN	NaN	Low
ZDHHC18	NaN	True	NaN	NaN	NaN	Low
ZDHHC7	NaN	True	NaN	NaN	NaN	Low
ZFAND3	NaN	True	NaN	NaN	NaN	Low
ZFAT	NaN	NaN	True	NaN	NaN	Low
ZFHX3	True	NaN	NaN	True	NaN	Medium
ZFP14	NaN	True	NaN	NaN	NaN	Low
ZFP62	NaN	True	NaN	NaN	NaN	Low
ZFP91	NaN	NaN	True	NaN	NaN	Low
ZFP91-CNTF	NaN	NaN	True	NaN	NaN	Low
ZFYVE1	NaN	True	NaN	NaN	NaN	Low
ZFYVE16	NaN	True	NaN	NaN	NaN	Low
ZFYVE9	NaN	True	NaN	NaN	NaN	Low
ZKSCAN3	NaN	NaN	True	NaN	NaN	Low
ZMAT1	NaN	True	NaN	NaN	NaN	Low
ZMIZ2	NaN	NaN	True	NaN	NaN	Low
ZMYM4	NaN	NaN	True	NaN	NaN	Low
ZMYND19	NaN	NaN	True	NaN	NaN	Low
ZNF101	NaN	True	NaN	NaN	NaN	Low
ZNF135	NaN	True	NaN	NaN	NaN	Low
ZNF14	NaN	True	NaN	NaN	NaN	Low
ZNF146	NaN	True	NaN	NaN	NaN	Low
ZNF165	NaN	True	NaN	NaN	NaN	Low
ZNF195	NaN	True	NaN	NaN	NaN	Low
ZNF239	NaN	True	NaN	NaN	NaN	Low
ZNF251	NaN	True	NaN	NaN	NaN	Low
ZNF256	NaN	True	NaN	NaN	NaN	Low
ZNF26	NaN	True	NaN	NaN	NaN	Low
ZNF287	NaN	True	NaN	NaN	NaN	Low
ZNF302	NaN	True	NaN	NaN	NaN	Low
ZNF345	NaN	True	NaN	NaN	NaN	Low
ZNF410	NaN	NaN	True	NaN	NaN	Low
ZNF438	NaN	True	NaN	NaN	NaN	Low
ZNF454	NaN	NaN	True	NaN	NaN	Low
ZNF485	NaN	True	NaN	NaN	NaN	Low
ZNF486	NaN	NaN	True	NaN	NaN	Low
ZNF502	NaN	True	NaN	NaN	NaN	Low
ZNF516	NaN	True	NaN	NaN	NaN	Low
ZNF536	NaN	NaN	True	NaN	NaN	Low
ZNF540	NaN	True	NaN	NaN	NaN	Low
ZNF551	NaN	True	NaN	NaN	NaN	Low
ZNF552	NaN	True	NaN	NaN	NaN	Low
ZNF557	NaN	True	NaN	NaN	NaN	Low
ZNF563	NaN	True	NaN	NaN	NaN	Low
ZNF573	NaN	True	NaN	NaN	NaN	Low
ZNF577	NaN	True	NaN	NaN	NaN	Low
ZNF618	NaN	NaN	True	NaN	NaN	Low
ZNF629	NaN	True	NaN	NaN	NaN	Low
ZNF658	NaN	True	NaN	NaN	NaN	Low
ZNF671	NaN	True	NaN	NaN	NaN	Low
ZNF682	NaN	True	NaN	NaN	NaN	Low
ZNF704	NaN	True	NaN	NaN	NaN	Low
ZNF764	NaN	True	NaN	NaN	NaN	Low
ZNF766	NaN	True	NaN	NaN	NaN	Low
ZNF777	NaN	True	NaN	NaN	NaN	Low
ZNF787	NaN	True	NaN	NaN	NaN	Low
ZNF789	NaN	True	NaN	NaN	NaN	Low
ZNF804A	NaN	NaN	True	NaN	NaN	Low
ZNF970P	NaN	NaN	True	NaN	NaN	Low
ZNHIT6	NaN	True	NaN	NaN	NaN	Low
ZSCAN12	NaN	NaN	True	NaN	NaN	Low
ZSCAN16-AS1	NaN	NaN	True	NaN	NaN	Low
ZSCAN18	NaN	True	NaN	NaN	NaN	Low
ZSCAN31	NaN	True	NaN	NaN	NaN	Low
ZWINT	NaN	NaN	True	NaN	NaN	Low
ZYG11B	NaN	True	NaN	NaN	NaN	Low
hCG_2042738	NaN	True	NaN	NaN	NaN	Low
